-- phpMyAdmin SQL Dump
-- version 4.2.7.1
-- http://www.phpmyadmin.net
--
-- Host: localhost
-- Generation Time: Mar 26, 2015 at 05:53 AM
-- Server version: 5.6.20
-- PHP Version: 5.5.15

SET SQL_MODE = "NO_AUTO_VALUE_ON_ZERO";
SET time_zone = "+00:00";


/*!40101 SET @OLD_CHARACTER_SET_CLIENT=@@CHARACTER_SET_CLIENT */;
/*!40101 SET @OLD_CHARACTER_SET_RESULTS=@@CHARACTER_SET_RESULTS */;
/*!40101 SET @OLD_COLLATION_CONNECTION=@@COLLATION_CONNECTION */;
/*!40101 SET NAMES utf8 */;

--
-- Database: `do_an`
--

DELIMITER $$
--
-- Procedures
--
CREATE DEFINER=`root`@`localhost` PROCEDURE `test_multi_sets`()
    DETERMINISTIC
begin
        select user() as first_col;
        select user() as first_col, now() as second_col;
        select user() as first_col, now() as second_col, now() as third_col;
        end$$

DELIMITER ;

-- --------------------------------------------------------

--
-- Table structure for table `attributes`
--

CREATE TABLE IF NOT EXISTS `attributes` (
  `id` int(11) NOT NULL,
  `parent_id` int(11) DEFAULT NULL,
  `attr_name` varchar(20) DEFAULT NULL,
  `attr_type` varchar(10) DEFAULT NULL,
  `weight` int(255) NOT NULL,
  `status` int(2) NOT NULL
) ENGINE=InnoDB DEFAULT CHARSET=utf8;

--
-- Dumping data for table `attributes`
--

INSERT INTO `attributes` (`id`, `parent_id`, `attr_name`, `attr_type`, `weight`, `status`) VALUES
(1, 0, 'Name', 'Varchar', 0, 1),
(5, 0, 'Manufacturer', 'Varchar', 0, 1),
(6, 0, 'IMG', 'Varchar', 0, 1),
(7, 0, 'OS', 'Varchar', 0, 1),
(8, 0, 'CPU', 'Varchar', 0, 1),
(9, 0, 'GPU', 'Varchar', 0, 1),
(10, 0, 'Screen type', 'Varchar', 0, 1),
(11, 0, 'Screen resolution', 'Varchar', 0, 1),
(12, 0, 'Sim', 'Integer', 0, 1),
(13, 0, 'Battery', 'Integer', 0, 1),
(14, 0, 'Screen size', 'Float', 0, 1),
(15, 0, 'CPU speed', 'Float', 0, 1),
(16, 0, 'Ram', 'Float', 0, 1),
(17, 0, 'NFC', 'Boolean', 0, 1),
(18, 0, 'ROM', 'Integer', 0, 1),
(19, 0, 'SD card', 'Integer', 0, 1),
(20, 0, 'Price', 'Integer', 0, 1),
(24, 0, 'Rear camera', 'Float', 0, 1),
(25, 0, 'Front camera', 'Float', 0, 1),
(26, 0, 'Length', 'Float', 0, 1),
(27, 0, 'Width', 'Float', 0, 1),
(28, 0, 'Thickness', 'Float', 0, 1),
(29, 0, 'Weight', 'Float', 0, 1);

-- --------------------------------------------------------

--
-- Table structure for table `billitems`
--

CREATE TABLE IF NOT EXISTS `billitems` (
  `id` int(11) NOT NULL,
  `bill_id` int(11) NOT NULL,
  `item_id` int(11) NOT NULL
) ENGINE=InnoDB DEFAULT CHARSET=latin1;

-- --------------------------------------------------------

--
-- Table structure for table `bills`
--

CREATE TABLE IF NOT EXISTS `bills` (
  `id` int(11) NOT NULL,
  `user_id` int(11) NOT NULL,
  `status` int(1) NOT NULL,
  `created` datetime NOT NULL,
  `updated` datetime NOT NULL
) ENGINE=InnoDB DEFAULT CHARSET=latin1;

-- --------------------------------------------------------

--
-- Table structure for table `comments`
--

CREATE TABLE IF NOT EXISTS `comments` (
  `id` int(11) NOT NULL,
  `user_id` int(11) NOT NULL,
  `item_id` int(11) NOT NULL,
  `content` text NOT NULL,
  `created` datetime NOT NULL,
  `updated` datetime NOT NULL
) ENGINE=InnoDB DEFAULT CHARSET=latin1;

-- --------------------------------------------------------

--
-- Table structure for table `favoriteitems`
--

CREATE TABLE IF NOT EXISTS `favoriteitems` (
  `id` int(11) NOT NULL,
  `favorite_id` int(11) NOT NULL,
  `item_id` int(11) NOT NULL
) ENGINE=InnoDB DEFAULT CHARSET=latin1;

-- --------------------------------------------------------

--
-- Table structure for table `favorites`
--

CREATE TABLE IF NOT EXISTS `favorites` (
  `id` int(11) NOT NULL,
  `user_id` int(11) NOT NULL,
  `created` datetime NOT NULL,
  `updated` datetime NOT NULL
) ENGINE=InnoDB DEFAULT CHARSET=latin1;

-- --------------------------------------------------------

--
-- Table structure for table `items`
--

CREATE TABLE IF NOT EXISTS `items` (
  `id` int(11) NOT NULL,
  `name` varchar(255) NOT NULL,
  `status` int(11) NOT NULL
) ENGINE=InnoDB DEFAULT CHARSET=latin1;

--
-- Dumping data for table `items`
--

INSERT INTO `items` (`id`, `name`, `status`) VALUES
(1, 'iPhone 6 Plus 128GB', 1),
(2, 'iPhone 6 128GB', 1),
(3, 'iPhone 6 Plus 64GB', 1),
(4, 'Samsung Galaxy Note Edge', 1),
(5, 'iPhone 6 Plus 16GB', 1),
(6, 'iPhone 6 64GB', 1),
(7, 'iPhone 6 Plus 128GB', 1),
(8, 'iPhone 6 128GB', 1),
(9, 'iPhone 6 Plus 64GB', 1),
(10, 'Samsung Galaxy Note Edge', 1),
(11, 'iPhone 6 Plus 128GB', 1),
(12, 'iPhone 6 128GB', 1),
(13, 'iPhone 6 Plus 64GB', 1),
(14, 'Samsung Galaxy Note Edge', 1),
(15, 'iPhone 6 Plus 16GB', 1),
(16, 'iPhone 6 64GB', 1),
(17, 'Samsung Galaxy Note 4', 1),
(18, 'iPhone 6 16GB', 1),
(19, 'Sony Xperia Z3', 1),
(20, 'iPhone 5S 16GB', 1),
(21, 'HTC Desire Eye', 1),
(22, 'Sony Xperia Z2', 1),
(23, 'Sony Xperia Z3 Compact', 1),
(24, 'Nokia Lumia 930', 1),
(25, 'Sony Xperia Z1 C6902', 1),
(26, 'OPPO R5 Gilded', 1),
(27, 'Samsung Galaxy A7', 1),
(28, 'Samsung Galaxy Alpha', 1),
(29, 'OPPO R5', 1),
(30, 'OPPO Find 7a', 1),
(31, 'Samsung Galaxy A5', 1),
(32, 'Pantech Vega Iron 2 A910S', 1),
(33, 'OPPO N1 Mini', 1),
(34, 'Nokia Lumia 830', 1),
(35, 'OPPO R1K R8001', 1),
(36, 'Sony Xperia T2 Ultra', 1),
(37, 'iPhone 4S 8GB', 1),
(38, 'OPPO R1 R829', 1),
(39, 'HTC Desire 816', 1),
(40, 'Sony Xperia M2 Aqua', 1),
(41, 'Samsung Galaxy A3', 1),
(42, 'Samsung Galaxy E7', 1),
(43, 'HTC Desire 820Q', 1),
(44, 'HTC Desire 816G', 1),
(45, 'Sony Xperia C3', 1),
(46, 'OPPO Mirror 3', 1),
(47, 'LG G3 Stylus', 1),
(48, 'Pantech Vega Iron A870S', 1),
(49, 'Samsung Galaxy E5', 1),
(50, 'Lenovo P70', 1),
(51, 'HTC Desire 620G', 1),
(52, 'Nokia Lumia 1320', 1),
(53, 'OPPO Find 5 Mini R827', 1),
(54, 'Samsung Galaxy Grand Prime G530', 1),
(55, 'Nokia Lumia 730 Dual SIM', 1),
(56, 'OPPO YoYo R2001', 1),
(57, 'HTC DESIRE 616', 1),
(58, 'Asus Zenfone 5', 1),
(59, 'LG L80 D380', 1),
(60, 'LG L Fino (L70 Plus)', 1),
(61, 'iPhone 6 Plus 128GB', 1),
(62, 'iPhone 6 128GB', 1),
(63, 'iPhone 6 Plus 64GB', 1),
(64, 'Samsung Galaxy Note Edge', 1),
(65, 'iPhone 6 Plus 16GB', 1),
(66, 'iPhone 6 64GB', 1),
(67, 'Samsung Galaxy Note 4', 1),
(68, 'iPhone 6 16GB', 1),
(69, 'Sony Xperia Z3', 1),
(70, 'iPhone 5S 16GB', 1),
(71, 'iPhone 6 Plus 128GB', 1),
(72, 'iPhone 6 128GB', 1),
(73, 'iPhone 6 Plus 64GB', 1),
(74, 'Samsung Galaxy Note Edge', 1),
(75, 'iPhone 6 Plus 16GB', 1),
(76, 'iPhone 6 64GB', 1),
(77, 'Samsung Galaxy Note 4', 1),
(78, 'iPhone 6 16GB', 1),
(79, 'Sony Xperia Z3', 1),
(80, 'iPhone 5S 16GB', 1),
(81, 'HTC Desire Eye', 1),
(82, 'Sony Xperia Z2', 1),
(83, 'Sony Xperia Z3 Compact', 1),
(84, 'Nokia Lumia 930', 1),
(85, 'Sony Xperia Z1 C6902', 1),
(86, 'OPPO R5 Gilded', 1),
(87, 'Samsung Galaxy A7', 1),
(88, 'Samsung Galaxy Alpha', 1),
(89, 'OPPO R5', 1),
(90, 'OPPO Find 7a', 1),
(91, 'Samsung Galaxy A5', 1),
(92, 'Pantech Vega Iron 2 A910S', 1),
(93, 'OPPO N1 Mini', 1),
(94, 'Nokia Lumia 830', 1),
(95, 'OPPO R1K R8001', 1),
(96, 'Sony Xperia T2 Ultra', 1),
(97, 'iPhone 4S 8GB', 1),
(98, 'OPPO R1 R829', 1),
(99, 'HTC Desire 816', 1),
(100, 'iPhone 6 Plus 128GB', 1),
(101, 'iPhone 6 128GB', 1),
(102, 'iPhone 6 Plus 64GB', 1),
(103, 'Samsung Galaxy Note Edge', 1),
(104, 'iPhone 6 Plus 16GB', 1),
(105, 'iPhone 6 64GB', 1),
(106, 'Samsung Galaxy Note 4', 1),
(107, 'iPhone 6 16GB', 1),
(108, 'Sony Xperia Z3', 1),
(109, 'iPhone 5S 16GB', 1),
(110, 'HTC Desire Eye', 1),
(111, 'Sony Xperia Z2', 1),
(112, 'Sony Xperia Z3 Compact', 1),
(113, 'Nokia Lumia 930', 1),
(114, 'Sony Xperia Z1 C6902', 1),
(115, 'OPPO R5 Gilded', 1),
(116, 'Samsung Galaxy A7', 1),
(117, 'Samsung Galaxy Alpha', 1),
(118, 'OPPO R5', 1),
(119, 'OPPO Find 7a', 1),
(120, 'Samsung Galaxy A5', 1),
(121, 'Pantech Vega Iron 2 A910S', 1),
(122, 'OPPO N1 Mini', 1),
(123, 'Nokia Lumia 830', 1),
(124, 'OPPO R1K R8001', 1),
(125, 'Sony Xperia T2 Ultra', 1),
(126, 'iPhone 4S 8GB', 1),
(127, 'OPPO R1 R829', 1),
(128, 'HTC Desire 816', 1),
(129, 'Sony Xperia M2 Aqua', 1),
(130, 'Samsung Galaxy A3', 1),
(131, 'Samsung Galaxy E7', 1),
(132, 'HTC Desire 820Q', 1),
(133, 'HTC Desire 816G', 1),
(134, 'Sony Xperia C3', 1),
(135, 'OPPO Mirror 3', 1),
(136, 'LG G3 Stylus', 1),
(137, 'Pantech Vega Iron A870S', 1),
(138, 'Samsung Galaxy E5', 1),
(139, 'Lenovo P70', 1),
(140, 'HTC Desire 620G', 1),
(141, 'Nokia Lumia 1320', 1),
(142, 'OPPO Find 5 Mini R827', 1),
(143, 'Samsung Galaxy Grand Prime G530', 1),
(144, 'Nokia Lumia 730 Dual SIM', 1),
(145, 'OPPO YoYo R2001', 1),
(146, 'HTC DESIRE 616', 1),
(147, 'Asus Zenfone 5', 1),
(148, 'LG L80 D380', 1),
(149, 'LG L Fino (L70 Plus)', 1),
(150, 'Lenovo S580', 1),
(151, 'HTC Desire 526G', 1),
(152, 'Asus Zenfone 5 (CPU-1.2GHz)', 1),
(153, 'LG L70 Dual D325', 1),
(154, 'Nokia XL', 1),
(155, 'OPPO Neo 3 R831K', 1),
(156, 'SONY XPERIA E4 DUAL', 1),
(157, 'Lenovo A850', 1),
(158, 'Microsoft Lumia 535', 1),
(159, 'Samsung Galaxy Core Prime', 1),
(160, 'HTC Desire 320', 1),
(161, 'Lenovo A680', 1),
(162, 'Lenovo S650', 1),
(163, 'Samsung Galaxy Core 2 G355', 1),
(164, 'Nokia X2', 1),
(165, 'Nokia Lumia 630', 1),
(166, 'Nokia Lumia 525', 1),
(167, 'Asus Zenfone C', 1),
(168, 'Lenovo A328', 1),
(169, 'Microsoft Lumia 532', 1),
(170, 'LG L60', 1),
(171, 'Sony Xperia E1', 1),
(172, 'OPPO Joy R1001', 1),
(173, 'Samsung Galaxy V', 1),
(174, 'Nokia Lumia 530', 1),
(175, 'Microsoft Lumia 435', 1),
(176, 'Lenovo A319', 1);

-- --------------------------------------------------------

--
-- Table structure for table `relationships`
--

CREATE TABLE IF NOT EXISTS `relationships` (
  `id` int(11) NOT NULL,
  `user_id` int(11) NOT NULL,
  `rel_user_id` int(11) NOT NULL,
  `rel_type` int(2) NOT NULL
) ENGINE=InnoDB DEFAULT CHARSET=latin1;

-- --------------------------------------------------------

--
-- Table structure for table `users`
--

CREATE TABLE IF NOT EXISTS `users` (
`id` int(11) NOT NULL,
  `username` varchar(255) NOT NULL,
  `password` text NOT NULL,
  `role` int(11) NOT NULL,
  `status` int(11) NOT NULL,
  `updated_at` datetime NOT NULL,
  `created_at` datetime NOT NULL,
  `remember_token` varchar(255) NOT NULL
) ENGINE=InnoDB  DEFAULT CHARSET=latin1 AUTO_INCREMENT=5 ;

--
-- Dumping data for table `users`
--

INSERT INTO `users` (`id`, `username`, `password`, `role`, `status`, `updated_at`, `created_at`, `remember_token`) VALUES
(1, 'admin', '21232f297a57a5a743894a0e4a801fc3', 0, 1, '2015-03-24 18:05:04', '2015-03-24 08:07:43', 'dlQ1CditIdlRyEW49kleEaYqZIRCCljoLHaFahzLxzSdwrcEXL1LVWhP9tWH'),
(2, 'tungtobe', 'e02c85c710255a33bafb6c29c661d8c0', 1, 1, '2015-03-24 15:00:57', '2015-03-24 08:19:08', '4rUm3GIVlAzwbsKGZbH2l1HnHq5C3BQ25Su3zkAWKd4GNfatgP0f7QRmJnwB'),
(3, 'tungtobe1', 'e02c85c710255a33bafb6c29c661d8c0', 1, 1, '2015-03-24 17:11:54', '2015-03-24 17:11:54', ''),
(4, 'tungtobe2', 'e02c85c710255a33bafb6c29c661d8c0', 1, 1, '2015-03-24 17:14:15', '2015-03-24 17:14:15', '');

-- --------------------------------------------------------

--
-- Table structure for table `values`
--

CREATE TABLE IF NOT EXISTS `values` (
`id` int(11) NOT NULL,
  `item_id` int(11) NOT NULL DEFAULT '0',
  `attr_id` int(11) NOT NULL DEFAULT '0',
  `value` varchar(500) CHARACTER SET utf8 COLLATE utf8_unicode_ci DEFAULT NULL
) ENGINE=InnoDB  DEFAULT CHARSET=latin1 AUTO_INCREMENT=2521 ;

--
-- Dumping data for table `values`
--

INSERT INTO `values` (`id`, `item_id`, `attr_id`, `value`) VALUES
(1, 1, 5, 'Apple'),
(2, 1, 6, 'https://www.thegioididong.com/images/42/70260/iphone-6-plus-128gb.png'),
(3, 1, 7, 'iOS'),
(4, 1, 8, 'Apple A8'),
(5, 1, 9, 'PowerVR GX6450'),
(6, 1, 10, 'IPS'),
(7, 1, 11, '1080x1920'),
(8, 1, 12, '1'),
(9, 1, 13, '2915'),
(10, 1, 14, '5.5'),
(11, 1, 15, '1.4'),
(12, 1, 16, '1.0'),
(13, 1, 17, '1'),
(14, 1, 18, '128'),
(15, 1, 19, '0'),
(16, 1, 20, '25590000'),
(17, 1, 24, '8.0'),
(18, 1, 25, '1.2'),
(19, 1, 26, '158.1'),
(20, 1, 27, '77.88'),
(21, 1, 28, '7.1'),
(22, 1, 29, '172.0'),
(23, 2, 5, 'Apple'),
(24, 2, 6, 'https://www.thegioididong.com/images/42/70257/iphone-6-128gb.png'),
(25, 2, 7, 'iOS'),
(26, 2, 8, 'Apple A8'),
(27, 2, 9, 'PowerVR GX6450'),
(28, 2, 10, 'IPS'),
(29, 2, 11, '750x1334'),
(30, 2, 12, '1'),
(31, 2, 13, '1810'),
(32, 2, 14, '4.7'),
(33, 2, 15, '1.4'),
(34, 2, 16, '1.0'),
(35, 2, 17, '1'),
(36, 2, 18, '128'),
(37, 2, 19, '0'),
(38, 2, 20, '22990000'),
(39, 2, 24, '8.0'),
(40, 2, 25, '1.2'),
(41, 2, 26, '138.1'),
(42, 2, 27, '67.0'),
(43, 2, 28, '6.9'),
(44, 2, 29, '124.0'),
(45, 3, 5, 'Apple'),
(46, 3, 6, 'https://www.thegioididong.com/images/42/70259/iphone-6-plus-64gb-128gb-copy.png'),
(47, 3, 7, 'iOS'),
(48, 3, 8, 'Apple A8'),
(49, 3, 9, 'PowerVR GX6450'),
(50, 3, 10, 'IPS'),
(51, 3, 11, '1080x1920'),
(52, 3, 12, '1'),
(53, 3, 13, '2915'),
(54, 3, 14, '5.5'),
(55, 3, 15, '1.4'),
(56, 3, 16, '1.0'),
(57, 3, 17, '1'),
(58, 3, 18, '64'),
(59, 3, 19, '0'),
(60, 3, 20, '22990000'),
(61, 3, 24, '8.0'),
(62, 3, 25, '1.2'),
(63, 3, 26, '158.1'),
(64, 3, 27, '77.8'),
(65, 3, 28, '7.1'),
(66, 3, 29, '172.0'),
(67, 4, 5, 'Samsung'),
(68, 4, 6, 'https://www.thegioididong.com/images/42/69704/samsung-galaxy-note-edge.png'),
(69, 4, 7, 'Android'),
(70, 4, 8, 'Qualcomm Snapdragon 805'),
(71, 4, 9, 'Adreno 420'),
(72, 4, 10, 'TFT'),
(73, 4, 11, '1440x2560'),
(74, 4, 12, '1'),
(75, 4, 13, '3000'),
(76, 4, 14, '5.6'),
(77, 4, 15, '2.7'),
(78, 4, 16, '3.0'),
(79, 4, 17, '1'),
(80, 4, 18, '32'),
(81, 4, 19, '128'),
(82, 4, 20, '20990000'),
(83, 4, 24, '16.0'),
(84, 4, 25, '3.7'),
(85, 4, 26, '151.3'),
(86, 4, 27, '82.4'),
(87, 4, 28, '8.3'),
(88, 4, 29, '174.0'),
(89, 5, 5, 'Apple'),
(90, 5, 6, 'https://www.thegioididong.com/images/42/69783/iphone-6-plus-16gb-99.png'),
(91, 5, 7, 'iOS'),
(92, 5, 8, 'Apple A8'),
(93, 5, 9, 'PowerVR GX6450'),
(94, 5, 10, 'IPS'),
(95, 5, 11, '1080x1920'),
(96, 5, 12, '1'),
(97, 5, 13, '2915'),
(98, 5, 14, '5.5'),
(99, 5, 15, '1.4'),
(100, 5, 16, '1.0'),
(101, 5, 17, '1'),
(102, 5, 18, '16'),
(103, 5, 19, '0'),
(104, 5, 20, '20390000'),
(105, 5, 24, '8.0'),
(106, 5, 25, '1.2'),
(107, 5, 26, '158.1'),
(108, 5, 27, '77.8'),
(109, 5, 28, '7.1'),
(110, 5, 29, '172.0'),
(111, 6, 5, 'Apple'),
(112, 6, 6, 'https://www.thegioididong.com/images/42/70258/iphone-6-64gb.png'),
(113, 6, 7, 'iOS'),
(114, 6, 8, 'Apple A8'),
(115, 6, 9, 'PowerVR GX6450'),
(116, 6, 10, 'IPS'),
(117, 6, 11, '750x1334'),
(118, 6, 12, '1'),
(119, 6, 13, '1810'),
(120, 6, 14, '4.7'),
(121, 6, 15, '1.4'),
(122, 6, 16, '1.0'),
(123, 6, 17, '1'),
(124, 6, 18, '64'),
(125, 7, 5, 'Apple'),
(126, 7, 6, 'https://www.thegioididong.com/images/42/70260/iphone-6-plus-128gb.png'),
(127, 7, 7, 'iOS'),
(128, 7, 8, 'Apple A8'),
(129, 7, 9, 'PowerVR GX6450'),
(130, 7, 10, 'IPS'),
(131, 7, 11, '1080x1920'),
(132, 7, 12, '1'),
(133, 7, 13, '2915'),
(134, 7, 14, '5.5'),
(135, 7, 15, '1.4'),
(136, 7, 16, '1.0'),
(137, 7, 17, '1'),
(138, 7, 18, '128'),
(139, 7, 19, '0'),
(140, 7, 20, '25590000'),
(141, 7, 24, '8.0'),
(142, 7, 25, '1.2'),
(143, 7, 26, '158.1'),
(144, 7, 27, '77.88'),
(145, 7, 28, '7.1'),
(146, 7, 29, '172.0'),
(147, 8, 5, 'Apple'),
(148, 8, 6, 'https://www.thegioididong.com/images/42/70257/iphone-6-128gb.png'),
(149, 8, 7, 'iOS'),
(150, 8, 8, 'Apple A8'),
(151, 8, 9, 'PowerVR GX6450'),
(152, 8, 10, 'IPS'),
(153, 8, 11, '750x1334'),
(154, 8, 12, '1'),
(155, 8, 13, '1810'),
(156, 8, 14, '4.7'),
(157, 8, 15, '1.4'),
(158, 8, 16, '1.0'),
(159, 8, 17, '1'),
(160, 8, 18, '128'),
(161, 8, 19, '0'),
(162, 8, 20, '22990000'),
(163, 8, 24, '8.0'),
(164, 8, 25, '1.2'),
(165, 8, 26, '138.1'),
(166, 8, 27, '67.0'),
(167, 8, 28, '6.9'),
(168, 8, 29, '124.0'),
(169, 9, 5, 'Apple'),
(170, 9, 6, 'https://www.thegioididong.com/images/42/70259/iphone-6-plus-64gb-128gb-copy.png'),
(171, 9, 7, 'iOS'),
(172, 9, 8, 'Apple A8'),
(173, 9, 9, 'PowerVR GX6450'),
(174, 9, 10, 'IPS'),
(175, 9, 11, '1080x1920'),
(176, 9, 12, '1'),
(177, 9, 13, '2915'),
(178, 9, 14, '5.5'),
(179, 9, 15, '1.4'),
(180, 9, 16, '1.0'),
(181, 9, 17, '1'),
(182, 9, 18, '64'),
(183, 9, 19, '0'),
(184, 9, 20, '22990000'),
(185, 9, 24, '8.0'),
(186, 9, 25, '1.2'),
(187, 9, 26, '158.1'),
(188, 9, 27, '77.8'),
(189, 9, 28, '7.1'),
(190, 9, 29, '172.0'),
(191, 10, 5, 'Samsung'),
(192, 10, 6, 'https://www.thegioididong.com/images/42/69704/samsung-galaxy-note-edge.png'),
(193, 10, 7, 'Android'),
(194, 10, 8, 'Qualcomm Snapdragon 805'),
(195, 10, 9, 'Adreno 420'),
(196, 10, 10, 'TFT'),
(197, 10, 11, '1440x2560'),
(198, 10, 12, '1'),
(199, 10, 13, '3000'),
(200, 10, 14, '5.6'),
(201, 10, 15, '2.7'),
(202, 10, 16, '3.0'),
(203, 10, 17, '1'),
(204, 11, 5, 'Apple'),
(205, 11, 6, 'https://www.thegioididong.com/images/42/70260/iphone-6-plus-128gb.png'),
(206, 11, 7, 'iOS'),
(207, 11, 8, 'Apple A8'),
(208, 11, 9, 'PowerVR GX6450'),
(209, 11, 10, 'IPS'),
(210, 11, 11, '1080x1920'),
(211, 11, 12, '1'),
(212, 11, 13, '2915'),
(213, 11, 14, '5.5'),
(214, 11, 15, '1.4'),
(215, 11, 16, '1.0'),
(216, 11, 17, '1'),
(217, 11, 18, '128'),
(218, 11, 19, '0'),
(219, 11, 20, '25590000'),
(220, 11, 24, '8.0'),
(221, 11, 25, '1.2'),
(222, 11, 26, '158.1'),
(223, 11, 27, '77.88'),
(224, 11, 28, '7.1'),
(225, 11, 29, '172.0'),
(226, 12, 5, 'Apple'),
(227, 12, 6, 'https://www.thegioididong.com/images/42/70257/iphone-6-128gb.png'),
(228, 12, 7, 'iOS'),
(229, 12, 8, 'Apple A8'),
(230, 12, 9, 'PowerVR GX6450'),
(231, 12, 10, 'IPS'),
(232, 12, 11, '750x1334'),
(233, 12, 12, '1'),
(234, 12, 13, '1810'),
(235, 12, 14, '4.7'),
(236, 12, 15, '1.4'),
(237, 12, 16, '1.0'),
(238, 12, 17, '1'),
(239, 12, 18, '128'),
(240, 12, 19, '0'),
(241, 12, 20, '22990000'),
(242, 12, 24, '8.0'),
(243, 12, 25, '1.2'),
(244, 12, 26, '138.1'),
(245, 12, 27, '67.0'),
(246, 12, 28, '6.9'),
(247, 12, 29, '124.0'),
(248, 13, 5, 'Apple'),
(249, 13, 6, 'https://www.thegioididong.com/images/42/70259/iphone-6-plus-64gb-128gb-copy.png'),
(250, 13, 7, 'iOS'),
(251, 13, 8, 'Apple A8'),
(252, 13, 9, 'PowerVR GX6450'),
(253, 13, 10, 'IPS'),
(254, 13, 11, '1080x1920'),
(255, 13, 12, '1'),
(256, 13, 13, '2915'),
(257, 13, 14, '5.5'),
(258, 13, 15, '1.4'),
(259, 13, 16, '1.0'),
(260, 13, 17, '1'),
(261, 13, 18, '64'),
(262, 13, 19, '0'),
(263, 13, 20, '22990000'),
(264, 13, 24, '8.0'),
(265, 13, 25, '1.2'),
(266, 13, 26, '158.1'),
(267, 13, 27, '77.8'),
(268, 13, 28, '7.1'),
(269, 13, 29, '172.0'),
(270, 14, 5, 'Samsung'),
(271, 14, 6, 'https://www.thegioididong.com/images/42/69704/samsung-galaxy-note-edge.png'),
(272, 14, 7, 'Android'),
(273, 14, 8, 'Qualcomm Snapdragon 805'),
(274, 14, 9, 'Adreno 420'),
(275, 14, 10, 'TFT'),
(276, 14, 11, '1440x2560'),
(277, 14, 12, '1'),
(278, 14, 13, '3000'),
(279, 14, 14, '5.6'),
(280, 14, 15, '2.7'),
(281, 14, 16, '3.0'),
(282, 14, 17, '1'),
(283, 14, 18, '32'),
(284, 14, 19, '128'),
(285, 14, 20, '20990000'),
(286, 14, 24, '16.0'),
(287, 14, 25, '3.7'),
(288, 14, 26, '151.3'),
(289, 14, 27, '82.4'),
(290, 14, 28, '8.3'),
(291, 14, 29, '174.0'),
(292, 15, 5, 'Apple'),
(293, 15, 6, 'https://www.thegioididong.com/images/42/69783/iphone-6-plus-16gb-99.png'),
(294, 15, 7, 'iOS'),
(295, 15, 8, 'Apple A8'),
(296, 15, 9, 'PowerVR GX6450'),
(297, 15, 10, 'IPS'),
(298, 15, 11, '1080x1920'),
(299, 15, 12, '1'),
(300, 15, 13, '2915'),
(301, 15, 14, '5.5'),
(302, 15, 15, '1.4'),
(303, 15, 16, '1.0'),
(304, 15, 17, '1'),
(305, 15, 18, '16'),
(306, 15, 19, '0'),
(307, 15, 20, '20390000'),
(308, 15, 24, '8.0'),
(309, 15, 25, '1.2'),
(310, 15, 26, '158.1'),
(311, 15, 27, '77.8'),
(312, 15, 28, '7.1'),
(313, 15, 29, '172.0'),
(314, 16, 5, 'Apple'),
(315, 16, 6, 'https://www.thegioididong.com/images/42/70258/iphone-6-64gb.png'),
(316, 16, 7, 'iOS'),
(317, 16, 8, 'Apple A8'),
(318, 16, 9, 'PowerVR GX6450'),
(319, 16, 10, 'IPS'),
(320, 16, 11, '750x1334'),
(321, 16, 12, '1'),
(322, 16, 13, '1810'),
(323, 16, 14, '4.7'),
(324, 16, 15, '1.4'),
(325, 16, 16, '1.0'),
(326, 16, 17, '1'),
(327, 16, 18, '64'),
(328, 16, 19, '0'),
(329, 16, 20, '20390000'),
(330, 16, 24, '8.0'),
(331, 16, 25, '1.2'),
(332, 16, 26, '138.1'),
(333, 16, 27, '67.0'),
(334, 16, 28, '6.9'),
(335, 16, 29, '129.0'),
(336, 17, 5, 'Samsung'),
(337, 17, 6, 'https://www.thegioididong.com/images/42/68096/samsung-galaxy-note-4-icon-1.png'),
(338, 17, 7, 'Android'),
(339, 17, 8, 'Exynos 5433'),
(340, 17, 9, 'Mali-T760'),
(341, 17, 10, 'TFT'),
(342, 17, 11, '1440x2560'),
(343, 17, 12, '1'),
(344, 17, 13, '3220'),
(345, 17, 14, '5.7'),
(346, 17, 15, '1.3'),
(347, 17, 16, '3.0'),
(348, 17, 17, '1'),
(349, 17, 18, '32'),
(350, 17, 19, '128'),
(351, 17, 20, '17990000'),
(352, 17, 24, '16.0'),
(353, 17, 25, '3.7'),
(354, 17, 26, '153.5'),
(355, 17, 27, '78.6'),
(356, 17, 28, '8.5'),
(357, 17, 29, '176.0'),
(358, 18, 5, 'Apple'),
(359, 18, 6, 'https://www.thegioididong.com/images/42/60831/iphone-6-1.png'),
(360, 18, 7, 'iOS'),
(361, 18, 8, 'Apple A8'),
(362, 18, 9, 'PowerVR GX6450'),
(363, 18, 10, 'IPS'),
(364, 18, 11, '750x1334'),
(365, 18, 12, '1'),
(366, 18, 13, '1810'),
(367, 18, 14, '4.7'),
(368, 18, 15, '1.4'),
(369, 18, 16, '1.0'),
(370, 18, 17, '1'),
(371, 18, 18, '16'),
(372, 18, 19, '0'),
(373, 18, 20, '17790000'),
(374, 18, 24, '8.0'),
(375, 18, 25, '1.2'),
(376, 18, 26, '138.1'),
(377, 18, 27, '67.0'),
(378, 18, 28, '6.9'),
(379, 18, 29, '124.0'),
(380, 19, 5, 'Sony'),
(381, 19, 6, 'https://www.thegioididong.com/images/42/69698/sony-xperia-z3-png.png'),
(382, 19, 7, 'Android'),
(383, 19, 8, 'Qualcomm Snapdragon 801'),
(384, 19, 9, 'Adreno 330'),
(385, 19, 10, 'IPS'),
(386, 19, 11, '1080x1920'),
(387, 19, 12, '1'),
(388, 19, 13, '3100'),
(389, 19, 14, '5.2'),
(390, 19, 15, '2.5'),
(391, 19, 16, '3.0'),
(392, 19, 17, '1'),
(393, 19, 18, '16'),
(394, 19, 19, '128'),
(395, 19, 20, '14990000'),
(396, 19, 24, '20.7'),
(397, 19, 25, '2.2'),
(398, 19, 26, '146.8'),
(399, 19, 27, '73.3'),
(400, 19, 28, '7.3'),
(401, 19, 29, '153.0'),
(402, 20, 5, 'Apple'),
(403, 20, 6, 'https://www.thegioididong.com/images/42/60546/iphone-5s-16gb-1-400x533.png'),
(404, 20, 7, 'iOS'),
(405, 20, 8, 'Apple A7'),
(406, 20, 9, 'PowerVR G6430'),
(407, 20, 10, 'IPS'),
(408, 20, 11, '640x1136'),
(409, 20, 12, '1'),
(410, 20, 13, '1560'),
(411, 20, 14, '4.0'),
(412, 20, 15, '1.3'),
(413, 20, 16, '1.0'),
(414, 20, 17, '0'),
(415, 20, 18, '16'),
(416, 20, 19, '0'),
(417, 20, 20, '13990000'),
(418, 20, 24, '8.0'),
(419, 20, 25, '1.2'),
(420, 20, 26, '123.8'),
(421, 20, 27, '58.6'),
(422, 20, 28, '7.6'),
(423, 20, 29, '112.0'),
(424, 21, 5, 'Htc'),
(425, 21, 6, 'https://www.thegioididong.com/images/42/70104/htc-desire-eye-icon.png'),
(426, 21, 7, 'Android'),
(427, 21, 8, 'Qualcomm Snapdragon 801'),
(428, 21, 9, 'Adreno 330'),
(429, 21, 10, 'IPS'),
(430, 21, 11, '1080x1920'),
(431, 21, 12, '1'),
(432, 21, 13, '2400'),
(433, 21, 14, '5.2'),
(434, 21, 15, '2.26'),
(435, 21, 16, '2.0'),
(436, 21, 17, '1'),
(437, 21, 18, '16'),
(438, 21, 19, '128'),
(439, 21, 20, '12490000'),
(440, 21, 24, '13.0'),
(441, 21, 25, '13.0'),
(442, 21, 26, '151.7'),
(443, 21, 27, '73.8'),
(444, 21, 28, '8.5'),
(445, 21, 29, '154.0'),
(446, 22, 5, 'Sony'),
(447, 22, 6, 'https://www.thegioididong.com/images/42/61386/sony-xperia-z2-png.png'),
(448, 22, 7, 'Android'),
(449, 22, 8, 'Qualcomm MSM8974AB'),
(450, 22, 9, 'Adreno 330'),
(451, 22, 10, 'IPS'),
(452, 22, 11, '1080x1920'),
(453, 22, 12, '1'),
(454, 22, 13, '3200'),
(455, 22, 14, '5.2'),
(456, 22, 15, '2.3'),
(457, 22, 16, '3.0'),
(458, 22, 17, '1'),
(459, 22, 18, '16'),
(460, 22, 19, '64'),
(461, 22, 20, '11990000'),
(462, 22, 24, '20.7'),
(463, 22, 25, '2.2'),
(464, 22, 26, '146.8'),
(465, 22, 27, '73.3'),
(466, 22, 28, '8.2'),
(467, 22, 29, '163.0'),
(468, 23, 5, 'Sony'),
(469, 23, 6, 'https://www.thegioididong.com/images/42/69724/sony-xperia-z3-compact-png.png'),
(470, 23, 7, 'Android'),
(471, 23, 8, 'Qualcomm Snapdragon 801'),
(472, 23, 9, 'Adreno 330'),
(473, 23, 10, 'IPS'),
(474, 23, 11, '720x1280'),
(475, 23, 12, '1'),
(476, 23, 13, '2600'),
(477, 23, 14, '4.6'),
(478, 23, 15, '2.5'),
(479, 23, 16, '2.0'),
(480, 23, 17, '1'),
(481, 23, 18, '16'),
(482, 23, 19, '64'),
(483, 23, 20, '11990000'),
(484, 23, 24, '20.7'),
(485, 23, 25, '2.2'),
(486, 23, 26, '127.3'),
(487, 23, 27, '64.9'),
(488, 23, 28, '8.6'),
(489, 23, 29, '129.0'),
(490, 24, 5, 'Nokia'),
(491, 24, 6, 'https://www.thegioididong.com/images/42/61383/nokia-lumia-930-lumia-icon-png.png'),
(492, 24, 7, 'Windows phone'),
(493, 24, 8, 'Qualcomm Snapdragon 800'),
(494, 24, 9, 'Adreno 330'),
(495, 24, 10, 'TFT'),
(496, 24, 11, '1080x1920'),
(497, 24, 12, '1'),
(498, 24, 13, '2420'),
(499, 24, 14, '5.0'),
(500, 24, 15, '2.2'),
(501, 24, 16, '2.0'),
(502, 24, 17, '1'),
(503, 24, 18, '32'),
(504, 24, 19, '0'),
(505, 24, 20, '10990000'),
(506, 24, 24, '20.0'),
(507, 24, 25, '1.2'),
(508, 24, 26, '137.0'),
(509, 24, 27, '71.0'),
(510, 24, 28, '9.8'),
(511, 24, 29, '167.0'),
(512, 25, 5, 'Sony'),
(513, 25, 6, 'https://www.thegioididong.com/images/42/60103/sony-xperia-z1-c6902.png'),
(514, 25, 7, 'Android'),
(515, 25, 8, 'Qualcomm MSM8974'),
(516, 25, 9, 'Adreno 330'),
(517, 25, 10, 'TFT'),
(518, 25, 11, '1080x1920'),
(519, 25, 12, '1'),
(520, 25, 13, '3000'),
(521, 25, 14, '5.0'),
(522, 25, 15, '2.2'),
(523, 25, 16, '2.0'),
(524, 25, 17, '1'),
(525, 25, 18, '16'),
(526, 25, 19, '64'),
(527, 25, 20, '10490000'),
(528, 25, 24, '20.7'),
(529, 25, 25, '2.0'),
(530, 25, 26, '144.0'),
(531, 25, 27, '74.0'),
(532, 25, 28, '8.5'),
(533, 25, 29, '170.0'),
(534, 26, 5, 'Oppo'),
(535, 26, 6, 'https://www.thegioididong.com/images/42/71045/oppo-r5-gilded-01-400x533.png'),
(536, 26, 7, 'Android'),
(537, 26, 8, 'Snapdragon 615'),
(538, 26, 9, 'Adreno 405'),
(539, 26, 10, 'TFT'),
(540, 26, 11, '1080x1920'),
(541, 26, 12, '1'),
(542, 26, 13, '2000'),
(543, 26, 14, '5.2'),
(544, 26, 15, '1.5'),
(545, 26, 16, '2.0'),
(546, 26, 17, '0'),
(547, 26, 18, '16'),
(548, 26, 19, '0'),
(549, 26, 20, '10490000'),
(550, 26, 24, '13.0'),
(551, 26, 25, '5.0'),
(552, 26, 26, '148.9'),
(553, 26, 27, '74.5'),
(554, 26, 28, '4.85'),
(555, 26, 29, '155.0'),
(556, 27, 5, 'Samsung'),
(557, 27, 6, 'https://www.thegioididong.com/images/42/70761/samsung-galaxy-a7-icon-2-400x500.png'),
(558, 27, 7, 'Android'),
(559, 27, 8, 'Snapdragon 615'),
(560, 27, 9, 'Adreno 405'),
(561, 27, 10, 'TFT'),
(562, 27, 11, '1080x1920'),
(563, 27, 12, '2'),
(564, 27, 13, '2600'),
(565, 27, 14, '5.5'),
(566, 27, 15, '0.0'),
(567, 27, 16, '2.0'),
(568, 27, 17, '0'),
(569, 27, 18, '16'),
(570, 27, 19, '64'),
(571, 27, 20, '9990000'),
(572, 27, 24, '13.0'),
(573, 27, 25, '5.0'),
(574, 27, 26, '151.0'),
(575, 27, 27, '76.3'),
(576, 27, 28, '6.3'),
(577, 27, 29, '133.0'),
(578, 28, 5, 'Samsung'),
(579, 28, 6, 'https://www.thegioididong.com/images/42/69412/samsung-galaxy-alpha-400x533.png'),
(580, 28, 7, 'Android'),
(581, 28, 8, 'Exynos 5430'),
(582, 28, 9, 'Mali-T628'),
(583, 28, 10, 'TFT'),
(584, 28, 11, '720x1280'),
(585, 28, 12, '1'),
(586, 28, 13, '1860'),
(587, 28, 14, '4.7'),
(588, 28, 15, '1.8'),
(589, 28, 16, '2.0'),
(590, 28, 17, '1'),
(591, 28, 18, '32'),
(592, 28, 19, '0'),
(593, 28, 20, '9490000'),
(594, 28, 24, '12.0'),
(595, 28, 25, '2.1'),
(596, 28, 26, '132.4'),
(597, 28, 27, '65.5'),
(598, 28, 28, '6.7'),
(599, 28, 29, '115.0'),
(600, 29, 5, 'Oppo'),
(601, 29, 6, 'https://www.thegioididong.com/images/42/70238/oppo-r5-400x533-400x533.png'),
(602, 29, 7, 'Android'),
(603, 29, 8, 'Snapdragon 615'),
(604, 29, 9, 'Adreno 405'),
(605, 29, 10, 'TFT'),
(606, 29, 11, '1080x1920'),
(607, 29, 12, '1'),
(608, 29, 13, '2000'),
(609, 29, 14, '5.2'),
(610, 29, 15, '1.5'),
(611, 29, 16, '2.0'),
(612, 29, 17, '0'),
(613, 29, 18, '16'),
(614, 29, 19, '0'),
(615, 29, 20, '10000000'),
(616, 29, 24, '13.0'),
(617, 29, 25, '5.0'),
(618, 29, 26, '148.9'),
(619, 29, 27, '74.5'),
(620, 29, 28, '4.85'),
(621, 29, 29, '155.0'),
(622, 30, 5, 'Oppo'),
(623, 30, 6, 'https://www.thegioididong.com/images/42/67774/oppo-find-7a-1-400x533.png'),
(624, 30, 7, 'Android'),
(625, 30, 8, 'Qualcomm Snapdragon 801'),
(626, 30, 9, 'Adreno 330'),
(627, 30, 10, 'IPS'),
(628, 30, 11, '1080x1920'),
(629, 30, 12, '1'),
(630, 30, 13, '2800'),
(631, 30, 14, '5.5'),
(632, 30, 15, '2.3'),
(633, 30, 16, '2.0'),
(634, 30, 17, '1'),
(635, 30, 18, '16'),
(636, 30, 19, '128'),
(637, 30, 20, '8990000'),
(638, 30, 24, '13.0'),
(639, 30, 25, '5.0'),
(640, 30, 26, '152.6'),
(641, 30, 27, '75.0'),
(642, 30, 28, '9.2'),
(643, 30, 29, '170.0'),
(644, 31, 5, 'Samsung'),
(645, 31, 6, 'https://www.thegioididong.com/images/42/70049/samsung-galaxy-a500-400x533-400x533.png'),
(646, 31, 7, 'Android'),
(647, 31, 8, 'Qualcomm Snapdragon 410'),
(648, 31, 9, 'Adreno 306'),
(649, 31, 10, 'TFT'),
(650, 31, 11, '720x1280'),
(651, 31, 12, '2'),
(652, 31, 13, '2300'),
(653, 31, 14, '5.0'),
(654, 31, 15, '1.2'),
(655, 31, 16, '2.0'),
(656, 31, 17, '0'),
(657, 31, 18, '16'),
(658, 31, 19, '64'),
(659, 31, 20, '8990000'),
(660, 31, 24, '13.0'),
(661, 31, 25, '5.0'),
(662, 31, 26, '139.3'),
(663, 31, 27, '69.7'),
(664, 31, 28, '6.7'),
(665, 31, 29, '123.0'),
(666, 32, 5, 'Pantech'),
(667, 32, 6, 'https://www.thegioididong.com/images/42/70115/pantech-vega-iron-2-a910s-1-400x533.png'),
(668, 32, 7, 'Android'),
(669, 32, 8, 'Qualcomm Snapdragon 801'),
(670, 32, 9, 'Adreno 330'),
(671, 32, 10, 'TFT'),
(672, 32, 11, '1080x1920'),
(673, 32, 12, '1'),
(674, 32, 13, '3220'),
(675, 32, 14, '5.3'),
(676, 32, 15, '2.26'),
(677, 32, 16, '3.0'),
(678, 32, 17, '1'),
(679, 32, 18, '32'),
(680, 32, 19, '2'),
(681, 32, 20, '8990000'),
(682, 32, 24, '13.0'),
(683, 32, 25, '2.0'),
(684, 32, 26, '144.2'),
(685, 32, 27, '73.5'),
(686, 32, 28, '7.9'),
(687, 32, 29, '152.0'),
(688, 33, 5, 'Oppo'),
(689, 33, 6, 'https://www.thegioididong.com/images/42/69066/oppo-n1-mini-png.png'),
(690, 33, 7, 'Android'),
(691, 33, 8, 'Qualcomm Snapdragon 400'),
(692, 33, 9, 'Adreno 305'),
(693, 33, 10, 'IPS'),
(694, 33, 11, '720x1280'),
(695, 33, 12, '1'),
(696, 33, 13, '2140'),
(697, 33, 14, '5.0'),
(698, 33, 15, '1.6'),
(699, 33, 16, '2.0'),
(700, 33, 17, '1'),
(701, 33, 18, '16'),
(702, 33, 19, '0'),
(703, 33, 20, '8490000'),
(704, 33, 24, '13.0'),
(705, 33, 25, '13.0'),
(706, 33, 26, '148.4'),
(707, 33, 27, '72.2'),
(708, 33, 28, '9.2'),
(709, 33, 29, '151.0'),
(710, 34, 5, 'Nokia'),
(711, 34, 6, 'https://www.thegioididong.com/images/42/69721/nokia-lumia-830-png-1.png'),
(712, 34, 7, 'Windows phone'),
(713, 34, 8, 'Qualcomm Snapdragon 400'),
(714, 34, 9, 'Adreno 305'),
(715, 34, 10, 'IPS'),
(716, 34, 11, '720x1280'),
(717, 34, 12, '1'),
(718, 34, 13, '2200'),
(719, 34, 14, '5.0'),
(720, 34, 15, '1.2'),
(721, 34, 16, '1.0'),
(722, 34, 17, '1'),
(723, 34, 18, '16'),
(724, 34, 19, '128'),
(725, 34, 20, '7990000'),
(726, 34, 24, '10.0'),
(727, 34, 25, '1.0'),
(728, 34, 26, '139.4'),
(729, 34, 27, '70.7'),
(730, 34, 28, '8.5'),
(731, 34, 29, '150.0'),
(732, 35, 5, 'Oppo'),
(733, 35, 6, 'https://www.thegioididong.com/images/42/70845/oppo-r1k-r8001-400x533.png'),
(734, 35, 7, 'Android'),
(735, 35, 8, 'Qualcomm Snapdragon 400'),
(736, 35, 9, 'Adreno 305'),
(737, 35, 10, 'IPS'),
(738, 35, 11, '720x1280'),
(739, 35, 12, '1'),
(740, 35, 13, '2410'),
(741, 35, 14, '5.0'),
(742, 35, 15, '1.6'),
(743, 35, 16, '1.0'),
(744, 35, 17, '0'),
(745, 35, 18, '16'),
(746, 35, 19, '0'),
(747, 35, 20, '7990000'),
(748, 35, 24, '13.0'),
(749, 35, 25, '5.0'),
(750, 35, 26, '142.7'),
(751, 35, 27, '70.4'),
(752, 35, 28, '7.1'),
(753, 35, 29, '134.0'),
(754, 36, 5, 'Sony'),
(755, 36, 6, 'https://www.thegioididong.com/images/42/61309/sony-xperia-t2-ultra-icon.png'),
(756, 36, 7, 'Android'),
(757, 36, 8, 'Qualcomm MSM8928'),
(758, 36, 9, 'Adreno 305'),
(759, 36, 10, 'TFT'),
(760, 36, 11, '720x1280'),
(761, 36, 12, '2'),
(762, 36, 13, '3000'),
(763, 36, 14, '6.0'),
(764, 36, 15, '1.4'),
(765, 36, 16, '1.0'),
(766, 36, 17, '1'),
(767, 36, 18, '8'),
(768, 36, 19, '32'),
(769, 36, 20, '7490000'),
(770, 36, 24, '13.0'),
(771, 36, 25, '1.1'),
(772, 36, 26, '165.2'),
(773, 36, 27, '83.8'),
(774, 36, 28, '7.7'),
(775, 36, 29, '171.8'),
(776, 37, 5, 'Apple'),
(777, 37, 6, 'https://www.thegioididong.com/images/42/60686/iphone-4s-8gb.png'),
(778, 37, 7, 'iOS'),
(779, 37, 8, 'Apple A5'),
(780, 37, 9, 'PowerVR SGX543MP3'),
(781, 37, 10, 'IPS'),
(782, 37, 11, '640x960'),
(783, 37, 12, '1'),
(784, 37, 13, '1420'),
(785, 37, 14, '3.5'),
(786, 37, 15, '1.0'),
(787, 37, 16, '512.0'),
(788, 37, 17, '0'),
(789, 37, 18, '8'),
(790, 37, 19, '0'),
(791, 37, 20, '6990000'),
(792, 37, 24, '8.0'),
(793, 37, 25, '0.3'),
(794, 37, 26, '115.2'),
(795, 37, 27, '58.6'),
(796, 37, 28, '9.3'),
(797, 37, 29, '140.0'),
(798, 38, 5, 'Oppo'),
(799, 38, 6, 'https://www.thegioididong.com/images/42/61238/oppo-r1-r829t.png'),
(800, 38, 7, 'Android'),
(801, 38, 8, 'MTK 6582'),
(802, 38, 9, 'Mali-400MP'),
(803, 38, 10, 'IPS'),
(804, 38, 11, '720x1280'),
(805, 38, 12, '2'),
(806, 38, 13, '2410'),
(807, 38, 14, '5.0'),
(808, 38, 15, '1.3'),
(809, 38, 16, '1.0'),
(810, 38, 17, '0'),
(811, 38, 18, '16'),
(812, 38, 19, '0'),
(813, 38, 20, '6990000'),
(814, 38, 24, '8.0'),
(815, 38, 25, '5.0'),
(816, 38, 26, '142.7'),
(817, 38, 27, '70.4'),
(818, 38, 28, '7.1'),
(819, 38, 29, '140.0'),
(820, 39, 5, 'Htc'),
(821, 39, 6, 'https://www.thegioididong.com/images/42/66599/htc-desire-816-1-400x533.png'),
(822, 39, 7, 'Android'),
(823, 39, 8, 'Qualcomm Snapdragon 400'),
(824, 39, 9, 'Adreno 305'),
(825, 39, 10, 'TFT'),
(826, 39, 11, '720x1280'),
(827, 39, 12, '2'),
(828, 39, 13, '2600'),
(829, 39, 14, '5.5'),
(830, 39, 15, '1.6'),
(831, 39, 16, '1.0'),
(832, 39, 17, '0'),
(833, 39, 18, '8'),
(834, 39, 19, '128'),
(835, 39, 20, '6990000'),
(836, 39, 24, '13.0'),
(837, 39, 25, '5.0'),
(838, 39, 26, '156.6'),
(839, 39, 27, '78.7'),
(840, 39, 28, '7.99'),
(841, 39, 29, '165.0'),
(842, 40, 5, 'Sony'),
(843, 40, 6, 'https://www.thegioididong.com/images/42/69830/sony-xperia-m2-aqua.png'),
(844, 40, 7, 'Android'),
(845, 40, 8, 'Qualcomm Snapdragon 400'),
(846, 40, 9, 'Adreno 305'),
(847, 40, 10, 'IPS'),
(848, 40, 11, '540x960'),
(849, 40, 12, '1'),
(850, 40, 13, '2300'),
(851, 40, 14, '4.8'),
(852, 40, 15, '1.2'),
(853, 40, 16, '1.0'),
(854, 40, 17, '1'),
(855, 40, 18, '8'),
(856, 40, 19, '32'),
(857, 40, 20, '6990000'),
(858, 40, 24, '8.0'),
(859, 40, 25, '1.1'),
(860, 40, 26, '140.0'),
(861, 40, 27, '72.0'),
(862, 40, 28, '8.6'),
(863, 40, 29, '149.0'),
(864, 41, 5, 'Samsung'),
(865, 41, 6, 'https://www.thegioididong.com/images/42/70050/samsung-galaxy-a3-400x400-400x400.png'),
(866, 41, 7, 'Android'),
(867, 41, 8, 'Qualcomm Snapdragon 410'),
(868, 41, 9, 'Adreno 306'),
(869, 41, 10, 'TFT'),
(870, 41, 11, '540x960'),
(871, 41, 12, '2'),
(872, 41, 13, '1900'),
(873, 41, 14, '4.5'),
(874, 41, 15, '1.2'),
(875, 41, 16, '1.0'),
(876, 41, 17, '0'),
(877, 41, 18, '16'),
(878, 41, 19, '64'),
(879, 41, 20, '6990000'),
(880, 41, 24, '8.0'),
(881, 41, 25, '5.0'),
(882, 41, 26, '130.1'),
(883, 41, 27, '65.5'),
(884, 41, 28, '6.9'),
(885, 41, 29, '110.3'),
(886, 42, 5, 'Samsung'),
(887, 42, 6, 'https://www.thegioididong.com/images/42/70735/samsung-galaxy-e7-400x533.png'),
(888, 42, 7, 'Android'),
(889, 42, 8, 'Qualcomm Snapdragon 410'),
(890, 42, 9, 'Adreno 306'),
(891, 42, 10, 'TFT'),
(892, 42, 11, '720x1280'),
(893, 42, 12, '2'),
(894, 42, 13, '2950'),
(895, 42, 14, '5.5'),
(896, 42, 15, '1.2'),
(897, 42, 16, '2.0'),
(898, 42, 17, '0'),
(899, 42, 18, '16'),
(900, 42, 19, '64'),
(901, 42, 20, '6990000'),
(902, 42, 24, '13.0'),
(903, 42, 25, '5.0'),
(904, 42, 26, '151.3'),
(905, 42, 27, '77.2'),
(906, 42, 28, '7.3'),
(907, 42, 29, '0.0'),
(908, 43, 5, 'Htc'),
(909, 43, 6, 'https://www.thegioididong.com/images/42/70961/htc-desire-820q-1-400x533.png'),
(910, 43, 7, 'Android'),
(911, 43, 8, 'Qualcomm Snapdragon 410'),
(912, 43, 9, 'Adreno 306'),
(913, 43, 10, 'TFT'),
(914, 43, 11, '720x1280'),
(915, 43, 12, '2'),
(916, 43, 13, '2600'),
(917, 43, 14, '5.5'),
(918, 43, 15, '1.2'),
(919, 43, 16, '1.0'),
(920, 43, 17, '0'),
(921, 43, 18, '16'),
(922, 43, 19, '128'),
(923, 43, 20, '6890000'),
(924, 43, 24, '13.0'),
(925, 43, 25, '8.0'),
(926, 43, 26, '157.7'),
(927, 43, 27, '78.7'),
(928, 43, 28, '7.7'),
(929, 43, 29, '155.0'),
(930, 44, 5, 'Htc'),
(931, 44, 6, 'https://www.thegioididong.com/images/42/70122/htc-desire-816g-400x533.png'),
(932, 44, 7, 'Android'),
(933, 44, 8, 'MT6592'),
(934, 44, 9, 'Mali 450 MP'),
(935, 44, 10, 'TFT'),
(936, 44, 11, '720x1280'),
(937, 44, 12, '2'),
(938, 44, 13, '2600'),
(939, 44, 14, '5.5'),
(940, 44, 15, '1.7'),
(941, 44, 16, '1.0'),
(942, 44, 17, '0'),
(943, 44, 18, '8'),
(944, 44, 19, '32'),
(945, 44, 20, '6490000'),
(946, 44, 24, '13.0'),
(947, 44, 25, '5.0'),
(948, 44, 26, '156.6'),
(949, 44, 27, '78.7'),
(950, 44, 28, '7.99'),
(951, 44, 29, '165.0'),
(952, 45, 5, 'Sony'),
(953, 45, 6, 'https://www.thegioididong.com/images/42/69129/sony-xperia-c3.png'),
(954, 45, 7, 'Android'),
(955, 45, 8, 'Qualcomm Snapdragon 400'),
(956, 45, 9, 'Adreno 305'),
(957, 45, 10, 'IPS'),
(958, 45, 11, '720x1280'),
(959, 45, 12, '2'),
(960, 45, 13, '2500'),
(961, 45, 14, '5.5'),
(962, 45, 15, '1.2'),
(963, 45, 16, '1.0'),
(964, 45, 17, '1'),
(965, 45, 18, '8'),
(966, 45, 19, '32'),
(967, 45, 20, '5990000'),
(968, 45, 24, '8.0'),
(969, 45, 25, '5.0'),
(970, 45, 26, '156.2'),
(971, 45, 27, '78.7'),
(972, 45, 28, '7.6'),
(973, 45, 29, '149.7'),
(974, 46, 5, 'Oppo'),
(975, 46, 6, 'https://www.thegioididong.com/images/42/70844/oppo-mirror-3-400x533.png'),
(976, 46, 7, 'Android'),
(977, 46, 8, 'Qualcomm Snapdragon 410'),
(978, 46, 9, 'Adreno 306'),
(979, 46, 10, 'IPS'),
(980, 46, 11, '720x1280'),
(981, 46, 12, '2'),
(982, 46, 13, '2000'),
(983, 46, 14, '4.7'),
(984, 46, 15, '1.2'),
(985, 46, 16, '1.0'),
(986, 46, 17, '0'),
(987, 46, 18, '8'),
(988, 46, 19, '128'),
(989, 46, 20, '5690000'),
(990, 46, 24, '8.0'),
(991, 46, 25, '5.0'),
(992, 46, 26, '137.0'),
(993, 46, 27, '68.0'),
(994, 46, 28, '8.95'),
(995, 46, 29, '126.0'),
(996, 47, 5, 'Lg'),
(997, 47, 6, 'https://www.thegioididong.com/images/42/69898/lg-g3-stylus-1-400x533.png'),
(998, 47, 7, 'Android'),
(999, 47, 8, 'MTK 6582'),
(1000, 47, 9, 'Mali-400'),
(1001, 47, 10, 'IPS'),
(1002, 47, 11, '540x960'),
(1003, 47, 12, '2'),
(1004, 47, 13, '3000'),
(1005, 47, 14, '5.5'),
(1006, 47, 15, '1.3'),
(1007, 47, 16, '1.0'),
(1008, 47, 17, '0'),
(1009, 47, 18, '8'),
(1010, 47, 19, '32'),
(1011, 47, 20, '5490000'),
(1012, 47, 24, '13.0'),
(1013, 47, 25, '1.3'),
(1014, 47, 26, '149.3'),
(1015, 47, 27, '75.9'),
(1016, 47, 28, '10.2'),
(1017, 47, 29, '163.0'),
(1018, 48, 5, 'Pantech'),
(1019, 48, 6, 'https://www.thegioididong.com/images/42/70111/pantech-vega-iron-a870s-1-400x533.png'),
(1020, 48, 7, 'Android'),
(1021, 48, 8, 'Qualcomm Snapdragon 600'),
(1022, 48, 9, 'Adreno 320'),
(1023, 48, 10, 'IPS'),
(1024, 48, 11, '720x1280'),
(1025, 48, 12, '1'),
(1026, 48, 13, '2150'),
(1027, 48, 14, '5.0'),
(1028, 48, 15, '1.7'),
(1029, 48, 16, '2.0'),
(1030, 48, 17, '1'),
(1031, 48, 18, '32'),
(1032, 48, 19, '2'),
(1033, 48, 20, '5490000'),
(1034, 48, 24, '13.0'),
(1035, 48, 25, '2.0'),
(1036, 48, 26, '136.3'),
(1037, 48, 27, '67.7'),
(1038, 48, 28, '8.8'),
(1039, 48, 29, '154.0'),
(1040, 49, 5, 'Samsung'),
(1041, 49, 6, 'https://www.thegioididong.com/images/42/70730/samsung-galaxy-e5-400x533.png'),
(1042, 49, 7, 'Android'),
(1043, 49, 8, 'Qualcomm Snapdragon 410'),
(1044, 49, 9, 'Adreno 306'),
(1045, 49, 10, 'TFT'),
(1046, 49, 11, '720x1280'),
(1047, 49, 12, '2'),
(1048, 49, 13, '2400'),
(1049, 49, 14, '5.0'),
(1050, 49, 15, '1.2'),
(1051, 49, 16, '1.0'),
(1052, 49, 17, '0'),
(1053, 49, 18, '16'),
(1054, 49, 19, '64'),
(1055, 49, 20, '5490000'),
(1056, 49, 24, '8.0'),
(1057, 49, 25, '5.0'),
(1058, 49, 26, '141.6'),
(1059, 49, 27, '70.2'),
(1060, 49, 28, '7.3'),
(1061, 49, 29, '0.0'),
(1062, 50, 5, 'Lenovo'),
(1063, 50, 6, 'https://www.thegioididong.com/images/42/71129/lenovo-p70-533-400x533.png'),
(1064, 50, 7, 'Android'),
(1065, 50, 8, 'MTK 6752'),
(1066, 50, 9, 'Mali-T760'),
(1067, 50, 10, 'IPS'),
(1068, 50, 11, '720x1280'),
(1069, 50, 12, '2'),
(1070, 50, 13, '4000'),
(1071, 50, 14, '5.0'),
(1072, 50, 15, '1.7'),
(1073, 50, 16, '2.0'),
(1074, 50, 17, '0'),
(1075, 50, 18, '16'),
(1076, 50, 19, '32'),
(1077, 50, 20, '5390000'),
(1078, 50, 24, '13.0'),
(1079, 50, 25, '5.0'),
(1080, 50, 26, '142.0'),
(1081, 50, 27, '71.8'),
(1082, 50, 28, '8.9'),
(1083, 50, 29, '149.0'),
(1084, 51, 5, 'Htc'),
(1085, 51, 6, 'https://www.thegioididong.com/images/42/70357/htc-desire-620g-1-400x533.png'),
(1086, 51, 7, 'Android'),
(1087, 51, 8, 'MT6592'),
(1088, 51, 9, 'Mali 450 MP'),
(1089, 51, 10, 'TFT'),
(1090, 51, 11, '720x1280'),
(1091, 51, 12, '2'),
(1092, 51, 13, '2100'),
(1093, 51, 14, '5.0'),
(1094, 51, 15, '1.7'),
(1095, 51, 16, '1.0'),
(1096, 51, 17, '0'),
(1097, 51, 18, '8'),
(1098, 51, 19, '32'),
(1099, 51, 20, '5190000'),
(1100, 51, 24, '8.0'),
(1101, 51, 25, '5.0'),
(1102, 51, 26, '150.1'),
(1103, 51, 27, '72.7'),
(1104, 51, 28, '9.6'),
(1105, 51, 29, '160.0'),
(1106, 52, 5, 'Nokia'),
(1107, 52, 6, 'https://www.thegioididong.com/images/42/60671/nokia-lumia-1320.png'),
(1108, 52, 7, 'Windows phone'),
(1109, 52, 8, 'Qualcomm Snapdragon S4'),
(1110, 52, 9, 'Adreno 305'),
(1111, 52, 10, 'IPS'),
(1112, 52, 11, '720x1280'),
(1113, 52, 12, '1'),
(1114, 52, 13, '3400'),
(1115, 52, 14, '6.0'),
(1116, 52, 15, '1.7'),
(1117, 52, 16, '1.0'),
(1118, 52, 17, '0'),
(1119, 52, 18, '8'),
(1120, 52, 19, '64'),
(1121, 52, 20, '4990000'),
(1122, 52, 24, '5.0'),
(1123, 52, 25, '0.3'),
(1124, 52, 26, '164.2'),
(1125, 52, 27, '85.9'),
(1126, 52, 28, '9.8'),
(1127, 52, 29, '220.0'),
(1128, 53, 5, 'Oppo'),
(1129, 53, 6, 'https://www.thegioididong.com/images/42/61086/oppo-find-5-mini-r827.png'),
(1130, 53, 7, 'Android'),
(1131, 53, 8, 'ARM 7'),
(1132, 53, 9, 'Mali-400MP'),
(1133, 53, 10, 'IPS'),
(1134, 53, 11, '540x960'),
(1135, 53, 12, '2'),
(1136, 53, 13, '2000'),
(1137, 53, 14, '4.7'),
(1138, 53, 15, '1.3'),
(1139, 53, 16, '1.0'),
(1140, 53, 17, '0'),
(1141, 53, 18, '4'),
(1142, 53, 19, '32'),
(1143, 53, 20, '4990000'),
(1144, 53, 24, '8.0'),
(1145, 53, 25, '2.0'),
(1146, 53, 26, '137.0'),
(1147, 53, 27, '68.0'),
(1148, 53, 28, '7.7'),
(1149, 53, 29, '128.0'),
(1150, 54, 5, 'Samsung'),
(1151, 54, 6, 'https://www.thegioididong.com/images/42/69824/samsung-galaxy-grand-prime-g530-1-400x533.png'),
(1152, 54, 7, 'Android'),
(1153, 54, 8, 'Qualcomm Snapdragon 410'),
(1154, 54, 9, 'Adreno 306'),
(1155, 54, 10, 'TFT'),
(1156, 54, 11, '540x960'),
(1157, 54, 12, '2'),
(1158, 54, 13, '2600'),
(1159, 54, 14, '5.0'),
(1160, 54, 15, '1.2'),
(1161, 54, 16, '1.0'),
(1162, 54, 17, '0'),
(1163, 54, 18, '8'),
(1164, 54, 19, '64'),
(1165, 54, 20, '4990000'),
(1166, 54, 24, '8.0'),
(1167, 54, 25, '5.0'),
(1168, 54, 26, '144.8'),
(1169, 54, 27, '72.1'),
(1170, 54, 28, '8.6'),
(1171, 54, 29, '156.0'),
(1172, 55, 5, 'Nokia'),
(1173, 55, 6, 'https://www.thegioididong.com/images/42/69723/nokia-lumia-730-dual-sim.png'),
(1174, 55, 7, 'Windows phone'),
(1175, 55, 8, 'Qualcomm Snapdragon 400'),
(1176, 55, 9, 'Adreno 305'),
(1177, 55, 10, 'TFT'),
(1178, 55, 11, '720x1280'),
(1179, 55, 12, '2'),
(1180, 55, 13, '2220'),
(1181, 55, 14, '4.7'),
(1182, 55, 15, '1.2'),
(1183, 55, 16, '1.0'),
(1184, 55, 17, '1'),
(1185, 55, 18, '8'),
(1186, 55, 19, '128'),
(1187, 55, 20, '4690000'),
(1188, 55, 24, '6.7'),
(1189, 55, 25, '5.0'),
(1190, 55, 26, '134.7'),
(1191, 55, 27, '68.5'),
(1192, 55, 28, '8.9'),
(1193, 55, 29, '134.0'),
(1194, 56, 5, 'Oppo'),
(1195, 56, 6, 'https://www.thegioididong.com/images/42/67985/oppo-yoyo-r2001.png'),
(1196, 56, 7, 'Android'),
(1197, 56, 8, 'MTK 6582M'),
(1198, 56, 9, 'Mali-400MP'),
(1199, 56, 10, 'IPS'),
(1200, 56, 11, '540x960'),
(1201, 56, 12, '2'),
(1202, 56, 13, '1900'),
(1203, 56, 14, '4.7'),
(1204, 56, 15, '1.3'),
(1205, 56, 16, '1.0'),
(1206, 56, 17, '0'),
(1207, 56, 18, '4'),
(1208, 56, 19, '32'),
(1209, 56, 20, '4290000'),
(1210, 56, 24, '5.0'),
(1211, 56, 25, '2.0'),
(1212, 56, 26, '138.5'),
(1213, 56, 27, '69.5'),
(1214, 56, 28, '9.2'),
(1215, 56, 29, '145.0'),
(1216, 57, 5, 'Htc'),
(1217, 57, 6, 'https://www.thegioididong.com/images/42/69021/htc-desire-616-1-400x533.png'),
(1218, 57, 7, 'Android'),
(1219, 57, 8, 'MT6592'),
(1220, 57, 9, 'Mali 450 MP4'),
(1221, 57, 10, 'IPS'),
(1222, 57, 11, '720x1280'),
(1223, 57, 12, '2'),
(1224, 57, 13, '2000'),
(1225, 57, 14, '5.0'),
(1226, 57, 15, '1.4'),
(1227, 57, 16, '1.0'),
(1228, 57, 17, '0'),
(1229, 57, 18, '4'),
(1230, 57, 19, '32'),
(1231, 57, 20, '4290000'),
(1232, 57, 24, '8.0'),
(1233, 57, 25, '2.0'),
(1234, 57, 26, '142.0'),
(1235, 57, 27, '71.9'),
(1236, 57, 28, '9.2'),
(1237, 57, 29, '150.0'),
(1238, 58, 5, 'Asus'),
(1239, 58, 6, 'https://www.thegioididong.com/images/42/68097/asus-zenfone-5-icon.png'),
(1240, 58, 7, 'Android'),
(1241, 58, 8, 'Intel Atom Z2560'),
(1242, 58, 9, 'PowerVR SGX544'),
(1243, 58, 10, 'IPS'),
(1244, 58, 11, '720x1280'),
(1245, 58, 12, '2'),
(1246, 58, 13, '2110'),
(1247, 58, 14, '5.0'),
(1248, 58, 15, '1.6'),
(1249, 58, 16, '2.0'),
(1250, 58, 17, '0'),
(1251, 58, 18, '8'),
(1252, 58, 19, '64'),
(1253, 58, 20, '3990000'),
(1254, 58, 24, '8.0'),
(1255, 58, 25, '2.0'),
(1256, 58, 26, '148.2'),
(1257, 58, 27, '72.8'),
(1258, 58, 28, '10.3'),
(1259, 58, 29, '145.0'),
(1260, 59, 5, 'Lg'),
(1261, 59, 6, 'https://www.thegioididong.com/images/42/68635/lg-l80-dual.png'),
(1262, 59, 7, 'Android'),
(1263, 59, 8, 'Qualcomm Snapdragon 200'),
(1264, 59, 9, 'Adreno 302'),
(1265, 59, 10, 'IPS'),
(1266, 59, 11, '480x800'),
(1267, 59, 12, '2'),
(1268, 59, 13, '2540'),
(1269, 59, 14, '5.0'),
(1270, 59, 15, '1.2'),
(1271, 59, 16, '1.0'),
(1272, 59, 17, '0'),
(1273, 59, 18, '4'),
(1274, 59, 19, '32'),
(1275, 59, 20, '3790000'),
(1276, 59, 24, '5.0'),
(1277, 59, 25, '0.3'),
(1278, 59, 26, '139.24'),
(1279, 59, 27, '73.18'),
(1280, 59, 28, '9.7'),
(1281, 59, 29, '133.0'),
(1282, 61, 1, 'OK'),
(1283, 61, 5, 'Apple'),
(1284, 61, 6, 'https://www.thegioididong.com/images/42/70260/iphone-6-plus-128gb.png'),
(1285, 61, 7, 'iOS'),
(1286, 61, 8, 'Apple A8'),
(1287, 61, 9, 'PowerVR GX6450'),
(1288, 61, 10, 'IPS'),
(1289, 61, 11, '1080x1920'),
(1290, 61, 12, '1'),
(1291, 61, 13, '2915'),
(1292, 61, 14, '5.5'),
(1293, 61, 15, '1.4'),
(1294, 61, 16, '1.0'),
(1295, 61, 17, '1'),
(1296, 61, 18, '128'),
(1297, 61, 19, '0'),
(1298, 61, 20, '25590000'),
(1299, 61, 24, '8.0'),
(1300, 61, 25, '1.2'),
(1301, 61, 26, '158.1'),
(1302, 61, 27, '77.88'),
(1303, 61, 28, '7.1'),
(1304, 61, 29, '172.0'),
(1305, 62, 1, 'OK'),
(1306, 62, 5, 'Apple'),
(1307, 62, 6, 'https://www.thegioididong.com/images/42/70257/iphone-6-128gb.png'),
(1308, 62, 7, 'iOS'),
(1309, 62, 8, 'Apple A8'),
(1310, 62, 9, 'PowerVR GX6450'),
(1311, 62, 10, 'IPS'),
(1312, 62, 11, '750x1334'),
(1313, 62, 12, '1'),
(1314, 62, 13, '1810'),
(1315, 62, 14, '4.7'),
(1316, 62, 15, '1.4'),
(1317, 62, 16, '1.0'),
(1318, 62, 17, '1'),
(1319, 62, 18, '128'),
(1320, 62, 19, '0'),
(1321, 62, 20, '22990000'),
(1322, 62, 24, '8.0'),
(1323, 62, 25, '1.2'),
(1324, 62, 26, '138.1'),
(1325, 62, 27, '67.0'),
(1326, 62, 28, '6.9'),
(1327, 62, 29, '124.0'),
(1328, 63, 1, 'OK'),
(1329, 63, 5, 'Apple'),
(1330, 63, 6, 'https://www.thegioididong.com/images/42/70259/iphone-6-plus-64gb-128gb-copy.png'),
(1331, 63, 7, 'iOS'),
(1332, 63, 8, 'Apple A8'),
(1333, 63, 9, 'PowerVR GX6450'),
(1334, 63, 10, 'IPS'),
(1335, 63, 11, '1080x1920'),
(1336, 63, 12, '1'),
(1337, 63, 13, '2915'),
(1338, 63, 14, '5.5'),
(1339, 63, 15, '1.4'),
(1340, 63, 16, '1.0'),
(1341, 63, 17, '1'),
(1342, 63, 18, '64'),
(1343, 63, 19, '0'),
(1344, 63, 20, '22990000'),
(1345, 63, 24, '8.0'),
(1346, 63, 25, '1.2'),
(1347, 63, 26, '158.1'),
(1348, 63, 27, '77.8'),
(1349, 63, 28, '7.1'),
(1350, 63, 29, '172.0'),
(1351, 64, 1, 'OK'),
(1352, 64, 5, 'Samsung'),
(1353, 64, 6, 'https://www.thegioididong.com/images/42/69704/samsung-galaxy-note-edge.png'),
(1354, 64, 7, 'Android'),
(1355, 64, 8, 'Qualcomm Snapdragon 805'),
(1356, 64, 9, 'Adreno 420'),
(1357, 64, 10, 'TFT'),
(1358, 64, 11, '1440x2560'),
(1359, 64, 12, '1'),
(1360, 64, 13, '3000'),
(1361, 64, 14, '5.6'),
(1362, 64, 15, '2.7'),
(1363, 64, 16, '3.0'),
(1364, 64, 17, '1'),
(1365, 64, 18, '32'),
(1366, 64, 19, '128'),
(1367, 64, 20, '20990000'),
(1368, 64, 24, '16.0'),
(1369, 64, 25, '3.7'),
(1370, 64, 26, '151.3'),
(1371, 64, 27, '82.4'),
(1372, 64, 28, '8.3'),
(1373, 64, 29, '174.0'),
(1374, 65, 1, 'OK'),
(1375, 65, 5, 'Apple'),
(1376, 65, 6, 'https://www.thegioididong.com/images/42/69783/iphone-6-plus-16gb-99.png'),
(1377, 65, 7, 'iOS'),
(1378, 65, 8, 'Apple A8'),
(1379, 65, 9, 'PowerVR GX6450'),
(1380, 65, 10, 'IPS'),
(1381, 65, 11, '1080x1920'),
(1382, 65, 12, '1'),
(1383, 65, 13, '2915'),
(1384, 65, 14, '5.5'),
(1385, 65, 15, '1.4'),
(1386, 65, 16, '1.0'),
(1387, 65, 17, '1'),
(1388, 65, 18, '16'),
(1389, 65, 19, '0'),
(1390, 65, 20, '20390000'),
(1391, 65, 24, '8.0'),
(1392, 65, 25, '1.2'),
(1393, 65, 26, '158.1'),
(1394, 65, 27, '77.8'),
(1395, 65, 28, '7.1'),
(1396, 65, 29, '172.0'),
(1397, 66, 1, 'OK'),
(1398, 66, 5, 'Apple'),
(1399, 66, 6, 'https://www.thegioididong.com/images/42/70258/iphone-6-64gb.png'),
(1400, 66, 7, 'iOS'),
(1401, 66, 8, 'Apple A8'),
(1402, 66, 9, 'PowerVR GX6450'),
(1403, 66, 10, 'IPS'),
(1404, 66, 11, '750x1334'),
(1405, 66, 12, '1'),
(1406, 66, 13, '1810'),
(1407, 66, 14, '4.7'),
(1408, 66, 15, '1.4'),
(1409, 66, 16, '1.0'),
(1410, 66, 17, '1'),
(1411, 66, 18, '64'),
(1412, 66, 19, '0'),
(1413, 66, 20, '20390000'),
(1414, 66, 24, '8.0'),
(1415, 66, 25, '1.2'),
(1416, 66, 26, '138.1'),
(1417, 66, 27, '67.0'),
(1418, 66, 28, '6.9'),
(1419, 66, 29, '129.0'),
(1420, 67, 1, 'OK'),
(1421, 67, 5, 'Samsung'),
(1422, 67, 6, 'https://www.thegioididong.com/images/42/68096/samsung-galaxy-note-4-icon-1.png'),
(1423, 67, 7, 'Android'),
(1424, 67, 8, 'Exynos 5433'),
(1425, 67, 9, 'Mali-T760'),
(1426, 67, 10, 'TFT'),
(1427, 67, 11, '1440x2560'),
(1428, 67, 12, '1'),
(1429, 67, 13, '3220'),
(1430, 67, 14, '5.7'),
(1431, 67, 15, '1.3'),
(1432, 67, 16, '3.0'),
(1433, 67, 17, '1'),
(1434, 67, 18, '32'),
(1435, 67, 19, '128'),
(1436, 67, 20, '17990000'),
(1437, 67, 24, '16.0'),
(1438, 67, 25, '3.7'),
(1439, 67, 26, '153.5'),
(1440, 67, 27, '78.6'),
(1441, 67, 28, '8.5'),
(1442, 67, 29, '176.0'),
(1443, 68, 1, 'OK'),
(1444, 68, 5, 'Apple'),
(1445, 68, 6, 'https://www.thegioididong.com/images/42/60831/iphone-6-1.png'),
(1446, 68, 7, 'iOS'),
(1447, 68, 8, 'Apple A8'),
(1448, 68, 9, 'PowerVR GX6450'),
(1449, 68, 10, 'IPS'),
(1450, 68, 11, '750x1334'),
(1451, 68, 12, '1'),
(1452, 68, 13, '1810'),
(1453, 68, 14, '4.7'),
(1454, 68, 15, '1.4'),
(1455, 68, 16, '1.0'),
(1456, 68, 17, '1'),
(1457, 68, 18, '16'),
(1458, 68, 19, '0'),
(1459, 68, 20, '17790000'),
(1460, 68, 24, '8.0'),
(1461, 68, 25, '1.2'),
(1462, 68, 26, '138.1'),
(1463, 68, 27, '67.0'),
(1464, 68, 28, '6.9'),
(1465, 68, 29, '124.0'),
(1466, 69, 1, 'OK'),
(1467, 69, 5, 'Sony'),
(1468, 69, 6, 'https://www.thegioididong.com/images/42/69698/sony-xperia-z3-png.png'),
(1469, 69, 7, 'Android'),
(1470, 69, 8, 'Qualcomm Snapdragon 801'),
(1471, 69, 9, 'Adreno 330'),
(1472, 69, 10, 'IPS'),
(1473, 69, 11, '1080x1920'),
(1474, 69, 12, '1'),
(1475, 69, 13, '3100'),
(1476, 69, 14, '5.2'),
(1477, 69, 15, '2.5'),
(1478, 69, 16, '3.0'),
(1479, 69, 17, '1'),
(1480, 69, 18, '16'),
(1481, 69, 19, '128'),
(1482, 69, 20, '14990000'),
(1483, 69, 24, '20.7'),
(1484, 69, 25, '2.2'),
(1485, 69, 26, '146.8'),
(1486, 69, 27, '73.3'),
(1487, 69, 28, '7.3'),
(1488, 69, 29, '153.0'),
(1489, 70, 1, 'OK'),
(1490, 70, 5, 'Apple'),
(1491, 70, 6, 'https://www.thegioididong.com/images/42/60546/iphone-5s-16gb-1-400x533.png'),
(1492, 70, 7, 'iOS'),
(1493, 70, 8, 'Apple A7'),
(1494, 70, 9, 'PowerVR G6430'),
(1495, 70, 10, 'IPS'),
(1496, 70, 11, '640x1136'),
(1497, 70, 12, '1'),
(1498, 70, 13, '1560'),
(1499, 70, 14, '4.0'),
(1500, 70, 15, '1.3'),
(1501, 71, 5, 'Apple'),
(1502, 71, 6, 'https://www.thegioididong.com/images/42/70260/iphone-6-plus-128gb.png'),
(1503, 71, 7, 'iOS'),
(1504, 71, 8, 'Apple A8'),
(1505, 71, 9, 'PowerVR GX6450'),
(1506, 71, 10, 'IPS'),
(1507, 71, 11, '1080x1920'),
(1508, 71, 12, '1'),
(1509, 71, 13, '2915'),
(1510, 71, 14, '5.5'),
(1511, 71, 15, '1.4'),
(1512, 71, 16, '1.0'),
(1513, 71, 17, '1'),
(1514, 71, 18, '128'),
(1515, 71, 19, '0'),
(1516, 71, 20, '25590000'),
(1517, 71, 24, '8.0'),
(1518, 71, 25, '1.2'),
(1519, 71, 26, '158.1'),
(1520, 71, 27, '77.88'),
(1521, 71, 28, '7.1'),
(1522, 71, 29, '172.0'),
(1523, 72, 5, 'Apple'),
(1524, 72, 6, 'https://www.thegioididong.com/images/42/70257/iphone-6-128gb.png'),
(1525, 72, 7, 'iOS'),
(1526, 72, 8, 'Apple A8'),
(1527, 72, 9, 'PowerVR GX6450'),
(1528, 72, 10, 'IPS'),
(1529, 72, 11, '750x1334'),
(1530, 72, 12, '1'),
(1531, 72, 13, '1810'),
(1532, 72, 14, '4.7'),
(1533, 72, 15, '1.4'),
(1534, 72, 16, '1.0'),
(1535, 72, 17, '1'),
(1536, 72, 18, '128'),
(1537, 72, 19, '0'),
(1538, 72, 20, '22990000'),
(1539, 72, 24, '8.0'),
(1540, 72, 25, '1.2'),
(1541, 72, 26, '138.1'),
(1542, 72, 27, '67.0'),
(1543, 72, 28, '6.9'),
(1544, 72, 29, '124.0'),
(1545, 73, 5, 'Apple'),
(1546, 73, 6, 'https://www.thegioididong.com/images/42/70259/iphone-6-plus-64gb-128gb-copy.png'),
(1547, 73, 7, 'iOS'),
(1548, 73, 8, 'Apple A8'),
(1549, 73, 9, 'PowerVR GX6450'),
(1550, 73, 10, 'IPS'),
(1551, 73, 11, '1080x1920'),
(1552, 73, 12, '1'),
(1553, 73, 13, '2915'),
(1554, 73, 14, '5.5'),
(1555, 73, 15, '1.4'),
(1556, 73, 16, '1.0'),
(1557, 73, 17, '1'),
(1558, 73, 18, '64'),
(1559, 73, 19, '0'),
(1560, 73, 20, '22990000'),
(1561, 73, 24, '8.0'),
(1562, 73, 25, '1.2'),
(1563, 73, 26, '158.1'),
(1564, 73, 27, '77.8'),
(1565, 73, 28, '7.1'),
(1566, 73, 29, '172.0'),
(1567, 74, 5, 'Samsung'),
(1568, 74, 6, 'https://www.thegioididong.com/images/42/69704/samsung-galaxy-note-edge.png'),
(1569, 74, 7, 'Android'),
(1570, 74, 8, 'Qualcomm Snapdragon 805'),
(1571, 74, 9, 'Adreno 420'),
(1572, 74, 10, 'TFT'),
(1573, 74, 11, '1440x2560'),
(1574, 74, 12, '1'),
(1575, 74, 13, '3000'),
(1576, 74, 14, '5.6'),
(1577, 74, 15, '2.7'),
(1578, 74, 16, '3.0'),
(1579, 74, 17, '1'),
(1580, 74, 18, '32'),
(1581, 74, 19, '128'),
(1582, 74, 20, '20990000'),
(1583, 74, 24, '16.0'),
(1584, 74, 25, '3.7'),
(1585, 74, 26, '151.3'),
(1586, 74, 27, '82.4'),
(1587, 74, 28, '8.3'),
(1588, 74, 29, '174.0'),
(1589, 75, 5, 'Apple'),
(1590, 75, 6, 'https://www.thegioididong.com/images/42/69783/iphone-6-plus-16gb-99.png'),
(1591, 75, 7, 'iOS'),
(1592, 75, 8, 'Apple A8'),
(1593, 75, 9, 'PowerVR GX6450'),
(1594, 75, 10, 'IPS'),
(1595, 75, 11, '1080x1920'),
(1596, 75, 12, '1'),
(1597, 75, 13, '2915'),
(1598, 75, 14, '5.5'),
(1599, 75, 15, '1.4'),
(1600, 75, 16, '1.0'),
(1601, 75, 17, '1'),
(1602, 75, 18, '16'),
(1603, 75, 19, '0'),
(1604, 75, 20, '20390000'),
(1605, 75, 24, '8.0'),
(1606, 75, 25, '1.2'),
(1607, 75, 26, '158.1'),
(1608, 75, 27, '77.8'),
(1609, 75, 28, '7.1'),
(1610, 75, 29, '172.0'),
(1611, 76, 5, 'Apple'),
(1612, 76, 6, 'https://www.thegioididong.com/images/42/70258/iphone-6-64gb.png'),
(1613, 76, 7, 'iOS'),
(1614, 76, 8, 'Apple A8'),
(1615, 76, 9, 'PowerVR GX6450'),
(1616, 76, 10, 'IPS'),
(1617, 76, 11, '750x1334'),
(1618, 76, 12, '1'),
(1619, 76, 13, '1810'),
(1620, 76, 14, '4.7'),
(1621, 76, 15, '1.4'),
(1622, 76, 16, '1.0'),
(1623, 76, 17, '1'),
(1624, 76, 18, '64'),
(1625, 76, 19, '0'),
(1626, 76, 20, '20390000'),
(1627, 76, 24, '8.0'),
(1628, 76, 25, '1.2'),
(1629, 76, 26, '138.1'),
(1630, 76, 27, '67.0'),
(1631, 76, 28, '6.9'),
(1632, 76, 29, '129.0'),
(1633, 77, 5, 'Samsung'),
(1634, 77, 6, 'https://www.thegioididong.com/images/42/68096/samsung-galaxy-note-4-icon-1.png'),
(1635, 77, 7, 'Android'),
(1636, 77, 8, 'Exynos 5433'),
(1637, 77, 9, 'Mali-T760'),
(1638, 77, 10, 'TFT'),
(1639, 77, 11, '1440x2560'),
(1640, 77, 12, '1'),
(1641, 77, 13, '3220'),
(1642, 77, 14, '5.7'),
(1643, 77, 15, '1.3'),
(1644, 77, 16, '3.0'),
(1645, 77, 17, '1'),
(1646, 77, 18, '32'),
(1647, 77, 19, '128'),
(1648, 77, 20, '17990000'),
(1649, 77, 24, '16.0'),
(1650, 77, 25, '3.7'),
(1651, 77, 26, '153.5'),
(1652, 77, 27, '78.6'),
(1653, 77, 28, '8.5'),
(1654, 77, 29, '176.0'),
(1655, 78, 5, 'Apple'),
(1656, 78, 6, 'https://www.thegioididong.com/images/42/60831/iphone-6-1.png'),
(1657, 78, 7, 'iOS'),
(1658, 78, 8, 'Apple A8'),
(1659, 78, 9, 'PowerVR GX6450'),
(1660, 78, 10, 'IPS'),
(1661, 78, 11, '750x1334'),
(1662, 78, 12, '1'),
(1663, 78, 13, '1810'),
(1664, 78, 14, '4.7'),
(1665, 78, 15, '1.4'),
(1666, 78, 16, '1.0'),
(1667, 78, 17, '1'),
(1668, 78, 18, '16'),
(1669, 78, 19, '0'),
(1670, 78, 20, '17790000'),
(1671, 78, 24, '8.0'),
(1672, 78, 25, '1.2'),
(1673, 78, 26, '138.1'),
(1674, 78, 27, '67.0'),
(1675, 78, 28, '6.9'),
(1676, 78, 29, '124.0'),
(1677, 79, 5, 'Sony'),
(1678, 79, 6, 'https://www.thegioididong.com/images/42/69698/sony-xperia-z3-png.png'),
(1679, 79, 7, 'Android'),
(1680, 79, 8, 'Qualcomm Snapdragon 801'),
(1681, 79, 9, 'Adreno 330'),
(1682, 79, 10, 'IPS'),
(1683, 79, 11, '1080x1920'),
(1684, 79, 12, '1'),
(1685, 79, 13, '3100'),
(1686, 79, 14, '5.2'),
(1687, 79, 15, '2.5'),
(1688, 79, 16, '3.0'),
(1689, 79, 17, '1'),
(1690, 79, 18, '16'),
(1691, 79, 19, '128'),
(1692, 79, 20, '14990000'),
(1693, 79, 24, '20.7'),
(1694, 79, 25, '2.2'),
(1695, 79, 26, '146.8'),
(1696, 79, 27, '73.3'),
(1697, 79, 28, '7.3'),
(1698, 79, 29, '153.0'),
(1699, 80, 5, 'Apple'),
(1700, 80, 6, 'https://www.thegioididong.com/images/42/60546/iphone-5s-16gb-1-400x533.png'),
(1701, 80, 7, 'iOS'),
(1702, 80, 8, 'Apple A7'),
(1703, 80, 9, 'PowerVR G6430'),
(1704, 80, 10, 'IPS'),
(1705, 80, 11, '640x1136'),
(1706, 80, 12, '1'),
(1707, 80, 13, '1560'),
(1708, 80, 14, '4.0'),
(1709, 80, 15, '1.3'),
(1710, 80, 16, '1.0'),
(1711, 80, 17, '0'),
(1712, 80, 18, '16'),
(1713, 80, 19, '0'),
(1714, 80, 20, '13990000'),
(1715, 80, 24, '8.0'),
(1716, 80, 25, '1.2'),
(1717, 80, 26, '123.8'),
(1718, 80, 27, '58.6'),
(1719, 80, 28, '7.6'),
(1720, 80, 29, '112.0'),
(1721, 81, 5, 'Htc'),
(1722, 81, 6, 'https://www.thegioididong.com/images/42/70104/htc-desire-eye-icon.png'),
(1723, 81, 7, 'Android'),
(1724, 81, 8, 'Qualcomm Snapdragon 801'),
(1725, 81, 9, 'Adreno 330'),
(1726, 81, 10, 'IPS'),
(1727, 81, 11, '1080x1920'),
(1728, 81, 12, '1'),
(1729, 81, 13, '2400'),
(1730, 81, 14, '5.2'),
(1731, 81, 15, '2.26'),
(1732, 81, 16, '2.0'),
(1733, 81, 17, '1'),
(1734, 81, 18, '16'),
(1735, 81, 19, '128'),
(1736, 81, 20, '12490000'),
(1737, 81, 24, '13.0'),
(1738, 81, 25, '13.0'),
(1739, 81, 26, '151.7'),
(1740, 81, 27, '73.8'),
(1741, 81, 28, '8.5'),
(1742, 81, 29, '154.0'),
(1743, 82, 5, 'Sony'),
(1744, 82, 6, 'https://www.thegioididong.com/images/42/61386/sony-xperia-z2-png.png'),
(1745, 82, 7, 'Android'),
(1746, 82, 8, 'Qualcomm MSM8974AB'),
(1747, 82, 9, 'Adreno 330'),
(1748, 82, 10, 'IPS'),
(1749, 82, 11, '1080x1920'),
(1750, 82, 12, '1'),
(1751, 82, 13, '3200'),
(1752, 82, 14, '5.2'),
(1753, 82, 15, '2.3'),
(1754, 82, 16, '3.0'),
(1755, 82, 17, '1'),
(1756, 82, 18, '16'),
(1757, 82, 19, '64'),
(1758, 82, 20, '11990000'),
(1759, 82, 24, '20.7'),
(1760, 82, 25, '2.2'),
(1761, 82, 26, '146.8'),
(1762, 82, 27, '73.3'),
(1763, 82, 28, '8.2'),
(1764, 82, 29, '163.0'),
(1765, 83, 5, 'Sony'),
(1766, 83, 6, 'https://www.thegioididong.com/images/42/69724/sony-xperia-z3-compact-png.png'),
(1767, 83, 7, 'Android'),
(1768, 83, 8, 'Qualcomm Snapdragon 801'),
(1769, 83, 9, 'Adreno 330'),
(1770, 83, 10, 'IPS'),
(1771, 83, 11, '720x1280'),
(1772, 83, 12, '1'),
(1773, 83, 13, '2600'),
(1774, 83, 14, '4.6'),
(1775, 83, 15, '2.5'),
(1776, 83, 16, '2.0'),
(1777, 83, 17, '1'),
(1778, 83, 18, '16'),
(1779, 83, 19, '64'),
(1780, 83, 20, '11990000'),
(1781, 83, 24, '20.7'),
(1782, 83, 25, '2.2'),
(1783, 83, 26, '127.3'),
(1784, 83, 27, '64.9'),
(1785, 83, 28, '8.6'),
(1786, 83, 29, '129.0'),
(1787, 84, 5, 'Nokia'),
(1788, 84, 6, 'https://www.thegioididong.com/images/42/61383/nokia-lumia-930-lumia-icon-png.png'),
(1789, 84, 7, 'Windows phone'),
(1790, 84, 8, 'Qualcomm Snapdragon 800'),
(1791, 84, 9, 'Adreno 330'),
(1792, 84, 10, 'TFT'),
(1793, 84, 11, '1080x1920'),
(1794, 84, 12, '1'),
(1795, 84, 13, '2420'),
(1796, 84, 14, '5.0'),
(1797, 84, 15, '2.2'),
(1798, 84, 16, '2.0'),
(1799, 84, 17, '1'),
(1800, 84, 18, '32'),
(1801, 84, 19, '0'),
(1802, 84, 20, '10990000'),
(1803, 84, 24, '20.0'),
(1804, 84, 25, '1.2'),
(1805, 84, 26, '137.0'),
(1806, 84, 27, '71.0'),
(1807, 84, 28, '9.8'),
(1808, 84, 29, '167.0'),
(1809, 85, 5, 'Sony'),
(1810, 85, 6, 'https://www.thegioididong.com/images/42/60103/sony-xperia-z1-c6902.png'),
(1811, 85, 7, 'Android'),
(1812, 85, 8, 'Qualcomm MSM8974'),
(1813, 85, 9, 'Adreno 330'),
(1814, 85, 10, 'TFT'),
(1815, 85, 11, '1080x1920'),
(1816, 85, 12, '1'),
(1817, 85, 13, '3000'),
(1818, 85, 14, '5.0'),
(1819, 85, 15, '2.2'),
(1820, 85, 16, '2.0'),
(1821, 85, 17, '1'),
(1822, 85, 18, '16'),
(1823, 85, 19, '64'),
(1824, 85, 20, '10490000'),
(1825, 85, 24, '20.7'),
(1826, 85, 25, '2.0'),
(1827, 85, 26, '144.0'),
(1828, 85, 27, '74.0'),
(1829, 85, 28, '8.5'),
(1830, 85, 29, '170.0'),
(1831, 86, 5, 'Oppo'),
(1832, 86, 6, 'https://www.thegioididong.com/images/42/71045/oppo-r5-gilded-01-400x533.png'),
(1833, 86, 7, 'Android'),
(1834, 86, 8, 'Snapdragon 615'),
(1835, 86, 9, 'Adreno 405'),
(1836, 86, 10, 'TFT'),
(1837, 86, 11, '1080x1920'),
(1838, 86, 12, '1'),
(1839, 86, 13, '2000'),
(1840, 86, 14, '5.2'),
(1841, 86, 15, '1.5'),
(1842, 86, 16, '2.0'),
(1843, 86, 17, '0'),
(1844, 86, 18, '16'),
(1845, 86, 19, '0'),
(1846, 86, 20, '10490000'),
(1847, 86, 24, '13.0'),
(1848, 86, 25, '5.0'),
(1849, 86, 26, '148.9'),
(1850, 86, 27, '74.5'),
(1851, 86, 28, '4.85'),
(1852, 86, 29, '155.0'),
(1853, 87, 5, 'Samsung'),
(1854, 87, 6, 'https://www.thegioididong.com/images/42/70761/samsung-galaxy-a7-icon-2-400x500.png'),
(1855, 87, 7, 'Android'),
(1856, 87, 8, 'Snapdragon 615'),
(1857, 87, 9, 'Adreno 405'),
(1858, 87, 10, 'TFT'),
(1859, 87, 11, '1080x1920'),
(1860, 87, 12, '2'),
(1861, 87, 13, '2600'),
(1862, 87, 14, '5.5'),
(1863, 87, 15, '0.0'),
(1864, 87, 16, '2.0'),
(1865, 87, 17, '0'),
(1866, 87, 18, '16'),
(1867, 87, 19, '64'),
(1868, 87, 20, '9990000'),
(1869, 87, 24, '13.0'),
(1870, 87, 25, '5.0'),
(1871, 87, 26, '151.0'),
(1872, 87, 27, '76.3'),
(1873, 87, 28, '6.3'),
(1874, 87, 29, '133.0'),
(1875, 88, 5, 'Samsung'),
(1876, 88, 6, 'https://www.thegioididong.com/images/42/69412/samsung-galaxy-alpha-400x533.png'),
(1877, 88, 7, 'Android'),
(1878, 88, 8, 'Exynos 5430'),
(1879, 88, 9, 'Mali-T628'),
(1880, 88, 10, 'TFT'),
(1881, 88, 11, '720x1280'),
(1882, 88, 12, '1'),
(1883, 88, 13, '1860'),
(1884, 88, 14, '4.7'),
(1885, 88, 15, '1.8'),
(1886, 88, 16, '2.0'),
(1887, 88, 17, '1'),
(1888, 88, 18, '32'),
(1889, 88, 19, '0'),
(1890, 88, 20, '9490000'),
(1891, 88, 24, '12.0'),
(1892, 88, 25, '2.1'),
(1893, 88, 26, '132.4'),
(1894, 88, 27, '65.5'),
(1895, 88, 28, '6.7'),
(1896, 88, 29, '115.0'),
(1897, 89, 5, 'Oppo'),
(1898, 89, 6, 'https://www.thegioididong.com/images/42/70238/oppo-r5-400x533-400x533.png'),
(1899, 89, 7, 'Android'),
(1900, 89, 8, 'Snapdragon 615'),
(1901, 89, 9, 'Adreno 405'),
(1902, 89, 10, 'TFT'),
(1903, 89, 11, '1080x1920'),
(1904, 89, 12, '1'),
(1905, 89, 13, '2000'),
(1906, 89, 14, '5.2'),
(1907, 89, 15, '1.5'),
(1908, 89, 16, '2.0'),
(1909, 89, 17, '0'),
(1910, 89, 18, '16'),
(1911, 89, 19, '0'),
(1912, 89, 20, '10000000'),
(1913, 89, 24, '13.0'),
(1914, 89, 25, '5.0'),
(1915, 89, 26, '148.9'),
(1916, 89, 27, '74.5'),
(1917, 89, 28, '4.85'),
(1918, 89, 29, '155.0'),
(1919, 90, 5, 'Oppo'),
(1920, 90, 6, 'https://www.thegioididong.com/images/42/67774/oppo-find-7a-1-400x533.png'),
(1921, 90, 7, 'Android'),
(1922, 90, 8, 'Qualcomm Snapdragon 801'),
(1923, 90, 9, 'Adreno 330'),
(1924, 90, 10, 'IPS'),
(1925, 90, 11, '1080x1920'),
(1926, 90, 12, '1'),
(1927, 90, 13, '2800'),
(1928, 90, 14, '5.5'),
(1929, 90, 15, '2.3'),
(1930, 90, 16, '2.0'),
(1931, 90, 17, '1'),
(1932, 90, 18, '16'),
(1933, 90, 19, '128'),
(1934, 90, 20, '8990000'),
(1935, 90, 24, '13.0'),
(1936, 90, 25, '5.0'),
(1937, 90, 26, '152.6'),
(1938, 90, 27, '75.0'),
(1939, 90, 28, '9.2'),
(1940, 90, 29, '170.0'),
(1941, 91, 5, 'Samsung'),
(1942, 91, 6, 'https://www.thegioididong.com/images/42/70049/samsung-galaxy-a500-400x533-400x533.png'),
(1943, 91, 7, 'Android'),
(1944, 91, 8, 'Qualcomm Snapdragon 410'),
(1945, 91, 9, 'Adreno 306'),
(1946, 91, 10, 'TFT'),
(1947, 91, 11, '720x1280'),
(1948, 91, 12, '2'),
(1949, 91, 13, '2300'),
(1950, 91, 14, '5.0'),
(1951, 91, 15, '1.2'),
(1952, 91, 16, '2.0'),
(1953, 91, 17, '0'),
(1954, 91, 18, '16'),
(1955, 91, 19, '64'),
(1956, 91, 20, '8990000'),
(1957, 91, 24, '13.0'),
(1958, 91, 25, '5.0'),
(1959, 91, 26, '139.3'),
(1960, 91, 27, '69.7'),
(1961, 91, 28, '6.7'),
(1962, 91, 29, '123.0'),
(1963, 92, 5, 'Pantech'),
(1964, 92, 6, 'https://www.thegioididong.com/images/42/70115/pantech-vega-iron-2-a910s-1-400x533.png'),
(1965, 92, 7, 'Android'),
(1966, 92, 8, 'Qualcomm Snapdragon 801'),
(1967, 92, 9, 'Adreno 330'),
(1968, 92, 10, 'TFT'),
(1969, 92, 11, '1080x1920'),
(1970, 92, 12, '1'),
(1971, 92, 13, '3220'),
(1972, 92, 14, '5.3'),
(1973, 92, 15, '2.26'),
(1974, 92, 16, '3.0'),
(1975, 92, 17, '1'),
(1976, 92, 18, '32'),
(1977, 92, 19, '2'),
(1978, 92, 20, '8990000'),
(1979, 92, 24, '13.0'),
(1980, 92, 25, '2.0'),
(1981, 92, 26, '144.2'),
(1982, 92, 27, '73.5'),
(1983, 92, 28, '7.9'),
(1984, 92, 29, '152.0'),
(1985, 93, 1, 'in'),
(1986, 93, 5, 'Oppo'),
(1987, 93, 6, 'https://www.thegioididong.com/images/42/69066/oppo-n1-mini-png.png'),
(1988, 93, 7, 'Android'),
(1989, 93, 8, 'Qualcomm Snapdragon 400'),
(1990, 93, 9, 'Adreno 305'),
(1991, 93, 10, 'IPS'),
(1992, 93, 11, '720x1280'),
(1993, 93, 12, '1'),
(1994, 93, 13, '2140'),
(1995, 93, 14, '5.0'),
(1996, 93, 15, '1.6'),
(1997, 93, 16, '2.0'),
(1998, 93, 17, '1'),
(1999, 93, 18, '16'),
(2000, 93, 19, '0'),
(2001, 93, 20, '8490000'),
(2002, 93, 24, '13.0'),
(2003, 93, 25, '13.0'),
(2004, 93, 26, '148.4');
INSERT INTO `values` (`id`, `item_id`, `attr_id`, `value`) VALUES
(2005, 93, 27, '72.2'),
(2006, 93, 28, '9.2'),
(2007, 93, 29, '151.0'),
(2008, 94, 1, 'in'),
(2009, 94, 5, 'Nokia'),
(2010, 94, 6, 'https://www.thegioididong.com/images/42/69721/nokia-lumia-830-png-1.png'),
(2011, 94, 7, 'Windows phone'),
(2012, 94, 8, 'Qualcomm Snapdragon 400'),
(2013, 94, 9, 'Adreno 305'),
(2014, 94, 10, 'IPS'),
(2015, 94, 11, '720x1280'),
(2016, 94, 12, '1'),
(2017, 94, 13, '2200'),
(2018, 94, 14, '5.0'),
(2019, 94, 15, '1.2'),
(2020, 94, 16, '1.0'),
(2021, 94, 17, '1'),
(2022, 94, 18, '16'),
(2023, 94, 19, '128'),
(2024, 94, 20, '7990000'),
(2025, 94, 24, '10.0'),
(2026, 94, 25, '1.0'),
(2027, 94, 26, '139.4'),
(2028, 94, 27, '70.7'),
(2029, 94, 28, '8.5'),
(2030, 94, 29, '150.0'),
(2031, 95, 1, 'in'),
(2032, 95, 5, 'Oppo'),
(2033, 95, 6, 'https://www.thegioididong.com/images/42/70845/oppo-r1k-r8001-400x533.png'),
(2034, 95, 7, 'Android'),
(2035, 95, 8, 'Qualcomm Snapdragon 400'),
(2036, 95, 9, 'Adreno 305'),
(2037, 95, 10, 'IPS'),
(2038, 95, 11, '720x1280'),
(2039, 95, 12, '1'),
(2040, 95, 13, '2410'),
(2041, 95, 14, '5.0'),
(2042, 95, 15, '1.6'),
(2043, 95, 16, '1.0'),
(2044, 95, 17, '0'),
(2045, 95, 18, '16'),
(2046, 95, 19, '0'),
(2047, 95, 20, '7990000'),
(2048, 95, 24, '13.0'),
(2049, 95, 25, '5.0'),
(2050, 95, 26, '142.7'),
(2051, 95, 27, '70.4'),
(2052, 95, 28, '7.1'),
(2053, 95, 29, '134.0'),
(2054, 96, 1, 'in'),
(2055, 96, 5, 'Sony'),
(2056, 96, 6, 'https://www.thegioididong.com/images/42/61309/sony-xperia-t2-ultra-icon.png'),
(2057, 96, 7, 'Android'),
(2058, 96, 8, 'Qualcomm MSM8928'),
(2059, 96, 9, 'Adreno 305'),
(2060, 96, 10, 'TFT'),
(2061, 96, 11, '720x1280'),
(2062, 96, 12, '2'),
(2063, 96, 13, '3000'),
(2064, 96, 14, '6.0'),
(2065, 96, 15, '1.4'),
(2066, 96, 16, '1.0'),
(2067, 96, 17, '1'),
(2068, 96, 18, '8'),
(2069, 96, 19, '32'),
(2070, 96, 20, '7490000'),
(2071, 96, 24, '13.0'),
(2072, 96, 25, '1.1'),
(2073, 96, 26, '165.2'),
(2074, 96, 27, '83.8'),
(2075, 96, 28, '7.7'),
(2076, 96, 29, '171.8'),
(2077, 97, 1, 'in'),
(2078, 97, 5, 'Apple'),
(2079, 97, 6, 'https://www.thegioididong.com/images/42/60686/iphone-4s-8gb.png'),
(2080, 97, 7, 'iOS'),
(2081, 97, 8, 'Apple A5'),
(2082, 97, 9, 'PowerVR SGX543MP3'),
(2083, 97, 10, 'IPS'),
(2084, 97, 11, '640x960'),
(2085, 97, 12, '1'),
(2086, 97, 13, '1420'),
(2087, 97, 14, '3.5'),
(2088, 97, 15, '1.0'),
(2089, 97, 16, '512.0'),
(2090, 97, 17, '0'),
(2091, 97, 18, '8'),
(2092, 97, 19, '0'),
(2093, 97, 20, '6990000'),
(2094, 97, 24, '8.0'),
(2095, 97, 25, '0.3'),
(2096, 97, 26, '115.2'),
(2097, 97, 27, '58.6'),
(2098, 97, 28, '9.3'),
(2099, 97, 29, '140.0'),
(2100, 98, 1, 'in'),
(2101, 98, 5, 'Oppo'),
(2102, 98, 6, 'https://www.thegioididong.com/images/42/61238/oppo-r1-r829t.png'),
(2103, 98, 7, 'Android'),
(2104, 98, 8, 'MTK 6582'),
(2105, 98, 9, 'Mali-400MP'),
(2106, 98, 10, 'IPS'),
(2107, 98, 11, '720x1280'),
(2108, 98, 12, '2'),
(2109, 98, 13, '2410'),
(2110, 98, 14, '5.0'),
(2111, 98, 15, '1.3'),
(2112, 98, 16, '1.0'),
(2113, 98, 17, '0'),
(2114, 98, 18, '16'),
(2115, 98, 19, '0'),
(2116, 98, 20, '6990000'),
(2117, 98, 24, '8.0'),
(2118, 98, 25, '5.0'),
(2119, 98, 26, '142.7'),
(2120, 98, 27, '70.4'),
(2121, 98, 28, '7.1'),
(2122, 98, 29, '140.0'),
(2123, 99, 1, 'in'),
(2124, 99, 5, 'Htc'),
(2125, 99, 6, 'https://www.thegioididong.com/images/42/66599/htc-desire-816-1-400x533.png'),
(2126, 99, 7, 'Android'),
(2127, 99, 8, 'Qualcomm Snapdragon 400'),
(2128, 99, 9, 'Adreno 305'),
(2129, 99, 10, 'TFT'),
(2130, 99, 11, '720x1280'),
(2131, 99, 12, '2'),
(2132, 99, 13, '2600'),
(2133, 99, 14, '5.5'),
(2134, 100, 1, 'in thoi iPhone 6 Plus 128GB'),
(2135, 100, 5, 'Apple'),
(2136, 100, 6, 'https://www.thegioididong.com/images/42/70260/iphone-6-plus-128gb.png'),
(2137, 100, 7, 'iOS'),
(2138, 100, 8, 'Apple A8'),
(2139, 100, 9, 'PowerVR GX6450'),
(2140, 100, 10, 'IPS'),
(2141, 100, 11, '1080x1920'),
(2142, 100, 12, '1'),
(2143, 100, 13, '2915'),
(2144, 100, 14, '5.5'),
(2145, 100, 15, '1.4'),
(2146, 100, 16, '1.0'),
(2147, 100, 17, '1'),
(2148, 100, 18, '128'),
(2149, 100, 19, '0'),
(2150, 100, 20, '25590000'),
(2151, 100, 24, '8.0'),
(2152, 100, 25, '1.2'),
(2153, 100, 26, '158.1'),
(2154, 100, 27, '77.88'),
(2155, 100, 28, '7.1'),
(2156, 100, 29, '172.0'),
(2157, 101, 1, 'in thoi iPhone 6 128GB'),
(2158, 101, 5, 'Apple'),
(2159, 101, 6, 'https://www.thegioididong.com/images/42/70257/iphone-6-128gb.png'),
(2160, 101, 7, 'iOS'),
(2161, 101, 8, 'Apple A8'),
(2162, 101, 9, 'PowerVR GX6450'),
(2163, 101, 10, 'IPS'),
(2164, 101, 11, '750x1334'),
(2165, 101, 12, '1'),
(2166, 101, 13, '1810'),
(2167, 101, 14, '4.7'),
(2168, 101, 15, '1.4'),
(2169, 101, 16, '1.0'),
(2170, 101, 17, '1'),
(2171, 101, 18, '128'),
(2172, 101, 19, '0'),
(2173, 101, 20, '22990000'),
(2174, 101, 24, '8.0'),
(2175, 101, 25, '1.2'),
(2176, 101, 26, '138.1'),
(2177, 101, 27, '67.0'),
(2178, 101, 28, '6.9'),
(2179, 101, 29, '124.0'),
(2180, 102, 1, 'in thoi iPhone 6 Plus 64GB'),
(2181, 102, 5, 'Apple'),
(2182, 102, 6, 'https://www.thegioididong.com/images/42/70259/iphone-6-plus-64gb-128gb-copy.png'),
(2183, 102, 7, 'iOS'),
(2184, 102, 8, 'Apple A8'),
(2185, 102, 9, 'PowerVR GX6450'),
(2186, 102, 10, 'IPS'),
(2187, 102, 11, '1080x1920'),
(2188, 102, 12, '1'),
(2189, 102, 13, '2915'),
(2190, 102, 14, '5.5'),
(2191, 102, 15, '1.4'),
(2192, 102, 16, '1.0'),
(2193, 102, 17, '1'),
(2194, 102, 18, '64'),
(2195, 102, 19, '0'),
(2196, 102, 20, '22990000'),
(2197, 102, 24, '8.0'),
(2198, 102, 25, '1.2'),
(2199, 102, 26, '158.1'),
(2200, 102, 27, '77.8'),
(2201, 102, 28, '7.1'),
(2202, 102, 29, '172.0'),
(2203, 103, 1, 'in thoi Samsung Galaxy Note Edge'),
(2204, 103, 5, 'Samsung'),
(2205, 103, 6, 'https://www.thegioididong.com/images/42/69704/samsung-galaxy-note-edge.png'),
(2206, 103, 7, 'Android'),
(2207, 103, 8, 'Qualcomm Snapdragon 805'),
(2208, 103, 9, 'Adreno 420'),
(2209, 103, 10, 'TFT'),
(2210, 103, 11, '1440x2560'),
(2211, 103, 12, '1'),
(2212, 103, 13, '3000'),
(2213, 103, 14, '5.6'),
(2214, 103, 15, '2.7'),
(2215, 103, 16, '3.0'),
(2216, 103, 17, '1'),
(2217, 103, 18, '32'),
(2218, 103, 19, '128'),
(2219, 103, 20, '20990000'),
(2220, 103, 24, '16.0'),
(2221, 103, 25, '3.7'),
(2222, 103, 26, '151.3'),
(2223, 103, 27, '82.4'),
(2224, 103, 28, '8.3'),
(2225, 103, 29, '174.0'),
(2226, 104, 1, 'in thoi iPhone 6 Plus 16GB'),
(2227, 104, 5, 'Apple'),
(2228, 104, 6, 'https://www.thegioididong.com/images/42/69783/iphone-6-plus-16gb-99.png'),
(2229, 104, 7, 'iOS'),
(2230, 104, 8, 'Apple A8'),
(2231, 104, 9, 'PowerVR GX6450'),
(2232, 104, 10, 'IPS'),
(2233, 104, 11, '1080x1920'),
(2234, 104, 12, '1'),
(2235, 104, 13, '2915'),
(2236, 104, 14, '5.5'),
(2237, 104, 15, '1.4'),
(2238, 104, 16, '1.0'),
(2239, 104, 17, '1'),
(2240, 104, 18, '16'),
(2241, 104, 19, '0'),
(2242, 104, 20, '20390000'),
(2243, 104, 24, '8.0'),
(2244, 104, 25, '1.2'),
(2245, 104, 26, '158.1'),
(2246, 104, 27, '77.8'),
(2247, 104, 28, '7.1'),
(2248, 104, 29, '172.0'),
(2249, 105, 1, 'in thoi iPhone 6 64GB'),
(2250, 105, 5, 'Apple'),
(2251, 105, 6, 'https://www.thegioididong.com/images/42/70258/iphone-6-64gb.png'),
(2252, 105, 7, 'iOS'),
(2253, 105, 8, 'Apple A8'),
(2254, 105, 9, 'PowerVR GX6450'),
(2255, 105, 10, 'IPS'),
(2256, 105, 11, '750x1334'),
(2257, 105, 12, '1'),
(2258, 105, 13, '1810'),
(2259, 105, 14, '4.7'),
(2260, 105, 15, '1.4'),
(2261, 105, 16, '1.0'),
(2262, 105, 17, '1'),
(2263, 105, 18, '64'),
(2264, 105, 19, '0'),
(2265, 105, 20, '20390000'),
(2266, 105, 24, '8.0'),
(2267, 105, 25, '1.2'),
(2268, 105, 26, '138.1'),
(2269, 105, 27, '67.0'),
(2270, 105, 28, '6.9'),
(2271, 105, 29, '129.0'),
(2272, 106, 1, 'in thoi Samsung Galaxy Note 4'),
(2273, 106, 5, 'Samsung'),
(2274, 106, 6, 'https://www.thegioididong.com/images/42/68096/samsung-galaxy-note-4-icon-1.png'),
(2275, 106, 7, 'Android'),
(2276, 106, 8, 'Exynos 5433'),
(2277, 106, 9, 'Mali-T760'),
(2278, 106, 10, 'TFT'),
(2279, 106, 11, '1440x2560'),
(2280, 106, 12, '1'),
(2281, 106, 13, '3220'),
(2282, 106, 14, '5.7'),
(2283, 106, 15, '1.3'),
(2284, 106, 16, '3.0'),
(2285, 106, 17, '1'),
(2286, 106, 18, '32'),
(2287, 106, 19, '128'),
(2288, 106, 20, '17990000'),
(2289, 106, 24, '16.0'),
(2290, 106, 25, '3.7'),
(2291, 106, 26, '153.5'),
(2292, 106, 27, '78.6'),
(2293, 106, 28, '8.5'),
(2294, 106, 29, '176.0'),
(2295, 107, 1, 'in thoi iPhone 6 16GB'),
(2296, 107, 5, 'Apple'),
(2297, 107, 6, 'https://www.thegioididong.com/images/42/60831/iphone-6-1.png'),
(2298, 107, 7, 'iOS'),
(2299, 107, 8, 'Apple A8'),
(2300, 107, 9, 'PowerVR GX6450'),
(2301, 107, 10, 'IPS'),
(2302, 107, 11, '750x1334'),
(2303, 107, 12, '1'),
(2304, 107, 13, '1810'),
(2305, 107, 14, '4.7'),
(2306, 107, 15, '1.4'),
(2307, 107, 16, '1.0'),
(2308, 107, 17, '1'),
(2309, 107, 18, '16'),
(2310, 107, 19, '0'),
(2311, 107, 20, '17790000'),
(2312, 107, 24, '8.0'),
(2313, 107, 25, '1.2'),
(2314, 107, 26, '138.1'),
(2315, 107, 27, '67.0'),
(2316, 107, 28, '6.9'),
(2317, 107, 29, '124.0'),
(2318, 108, 1, 'in thoi Sony Xperia Z3'),
(2319, 108, 5, 'Sony'),
(2320, 108, 6, 'https://www.thegioididong.com/images/42/69698/sony-xperia-z3-png.png'),
(2321, 108, 7, 'Android'),
(2322, 108, 8, 'Qualcomm Snapdragon 801'),
(2323, 108, 9, 'Adreno 330'),
(2324, 108, 10, 'IPS'),
(2325, 108, 11, '1080x1920'),
(2326, 108, 12, '1'),
(2327, 108, 13, '3100'),
(2328, 108, 14, '5.2'),
(2329, 108, 15, '2.5'),
(2330, 108, 16, '3.0'),
(2331, 108, 17, '1'),
(2332, 108, 18, '16'),
(2333, 108, 19, '128'),
(2334, 108, 20, '14990000'),
(2335, 108, 24, '20.7'),
(2336, 108, 25, '2.2'),
(2337, 108, 26, '146.8'),
(2338, 108, 27, '73.3'),
(2339, 108, 28, '7.3'),
(2340, 108, 29, '153.0'),
(2341, 109, 1, 'in thoi iPhone 5S 16GB'),
(2342, 109, 5, 'Apple'),
(2343, 109, 6, 'https://www.thegioididong.com/images/42/60546/iphone-5s-16gb-1-400x533.png'),
(2344, 109, 7, 'iOS'),
(2345, 109, 8, 'Apple A7'),
(2346, 109, 9, 'PowerVR G6430'),
(2347, 109, 10, 'IPS'),
(2348, 109, 11, '640x1136'),
(2349, 109, 12, '1'),
(2350, 109, 13, '1560'),
(2351, 109, 14, '4.0'),
(2352, 109, 15, '1.3'),
(2353, 109, 16, '1.0'),
(2354, 109, 17, '0'),
(2355, 109, 18, '16'),
(2356, 109, 19, '0'),
(2357, 109, 20, '13990000'),
(2358, 109, 24, '8.0'),
(2359, 109, 25, '1.2'),
(2360, 109, 26, '123.8'),
(2361, 109, 27, '58.6'),
(2362, 109, 28, '7.6'),
(2363, 109, 29, '112.0'),
(2364, 110, 1, 'in thoi HTC Desire Eye'),
(2365, 110, 5, 'Htc'),
(2366, 110, 6, 'https://www.thegioididong.com/images/42/70104/htc-desire-eye-icon.png'),
(2367, 110, 7, 'Android'),
(2368, 110, 8, 'Qualcomm Snapdragon 801'),
(2369, 110, 9, 'Adreno 330'),
(2370, 110, 10, 'IPS'),
(2371, 110, 11, '1080x1920'),
(2372, 110, 12, '1'),
(2373, 110, 13, '2400'),
(2374, 110, 14, '5.2'),
(2375, 110, 15, '2.26'),
(2376, 110, 16, '2.0'),
(2377, 110, 17, '1'),
(2378, 110, 18, '16'),
(2379, 110, 19, '128'),
(2380, 110, 20, '12490000'),
(2381, 110, 24, '13.0'),
(2382, 110, 25, '13.0'),
(2383, 110, 26, '151.7'),
(2384, 110, 27, '73.8'),
(2385, 110, 28, '8.5'),
(2386, 110, 29, '154.0'),
(2387, 111, 1, 'in thoi Sony Xperia Z2'),
(2388, 111, 5, 'Sony'),
(2389, 111, 6, 'https://www.thegioididong.com/images/42/61386/sony-xperia-z2-png.png'),
(2390, 111, 7, 'Android'),
(2391, 111, 8, 'Qualcomm MSM8974AB'),
(2392, 111, 9, 'Adreno 330'),
(2393, 111, 10, 'IPS'),
(2394, 111, 11, '1080x1920'),
(2395, 111, 12, '1'),
(2396, 111, 13, '3200'),
(2397, 111, 14, '5.2'),
(2398, 111, 15, '2.3'),
(2399, 111, 16, '3.0'),
(2400, 111, 17, '1'),
(2401, 111, 18, '16'),
(2402, 111, 19, '64'),
(2403, 111, 20, '11990000'),
(2404, 111, 24, '20.7'),
(2405, 111, 25, '2.2'),
(2406, 111, 26, '146.8'),
(2407, 111, 27, '73.3'),
(2408, 111, 28, '8.2'),
(2409, 111, 29, '163.0'),
(2410, 112, 1, 'in thoi Sony Xperia Z3 Compact'),
(2411, 112, 5, 'Sony'),
(2412, 112, 6, 'https://www.thegioididong.com/images/42/69724/sony-xperia-z3-compact-png.png'),
(2413, 112, 7, 'Android'),
(2414, 112, 8, 'Qualcomm Snapdragon 801'),
(2415, 112, 9, 'Adreno 330'),
(2416, 112, 10, 'IPS'),
(2417, 112, 11, '720x1280'),
(2418, 112, 12, '1'),
(2419, 112, 13, '2600'),
(2420, 112, 14, '4.6'),
(2421, 112, 15, '2.5'),
(2422, 112, 16, '2.0'),
(2423, 112, 17, '1'),
(2424, 112, 18, '16'),
(2425, 112, 19, '64'),
(2426, 112, 20, '11990000'),
(2427, 112, 24, '20.7'),
(2428, 112, 25, '2.2'),
(2429, 112, 26, '127.3'),
(2430, 112, 27, '64.9'),
(2431, 112, 28, '8.6'),
(2432, 112, 29, '129.0'),
(2433, 113, 1, 'in thoi Nokia Lumia 930'),
(2434, 113, 5, 'Nokia'),
(2435, 113, 6, 'https://www.thegioididong.com/images/42/61383/nokia-lumia-930-lumia-icon-png.png'),
(2436, 113, 7, 'Windows phone'),
(2437, 113, 8, 'Qualcomm Snapdragon 800'),
(2438, 113, 9, 'Adreno 330'),
(2439, 113, 10, 'TFT'),
(2440, 113, 11, '1080x1920'),
(2441, 113, 12, '1'),
(2442, 113, 13, '2420'),
(2443, 113, 14, '5.0'),
(2444, 113, 15, '2.2'),
(2445, 113, 16, '2.0'),
(2446, 113, 17, '1'),
(2447, 113, 18, '32'),
(2448, 113, 19, '0'),
(2449, 113, 20, '10990000'),
(2450, 113, 24, '20.0'),
(2451, 113, 25, '1.2'),
(2452, 113, 26, '137.0'),
(2453, 113, 27, '71.0'),
(2454, 113, 28, '9.8'),
(2455, 113, 29, '167.0'),
(2456, 114, 1, 'in thoi Sony Xperia Z1 C6902'),
(2457, 114, 5, 'Sony'),
(2458, 114, 6, 'https://www.thegioididong.com/images/42/60103/sony-xperia-z1-c6902.png'),
(2459, 114, 7, 'Android'),
(2460, 114, 8, 'Qualcomm MSM8974'),
(2461, 114, 9, 'Adreno 330'),
(2462, 114, 10, 'TFT'),
(2463, 114, 11, '1080x1920'),
(2464, 114, 12, '1'),
(2465, 114, 13, '3000'),
(2466, 114, 14, '5.0'),
(2467, 114, 15, '2.2'),
(2468, 114, 16, '2.0'),
(2469, 114, 17, '1'),
(2470, 114, 18, '16'),
(2471, 114, 19, '64'),
(2472, 114, 20, '10490000'),
(2473, 114, 24, '20.7'),
(2474, 114, 25, '2.0'),
(2475, 114, 26, '144.0'),
(2476, 114, 27, '74.0'),
(2477, 114, 28, '8.5'),
(2478, 114, 29, '170.0'),
(2479, 115, 1, 'in thoi OPPO R5 Gilded'),
(2480, 115, 5, 'Oppo'),
(2481, 115, 6, 'https://www.thegioididong.com/images/42/71045/oppo-r5-gilded-01-400x533.png'),
(2482, 115, 7, 'Android'),
(2483, 115, 8, 'Snapdragon 615'),
(2484, 115, 9, 'Adreno 405'),
(2485, 115, 10, 'TFT'),
(2486, 115, 11, '1080x1920'),
(2487, 115, 12, '1'),
(2488, 115, 13, '2000'),
(2489, 115, 14, '5.2'),
(2490, 115, 15, '1.5'),
(2491, 115, 16, '2.0'),
(2492, 115, 17, '0'),
(2493, 115, 18, '16'),
(2494, 115, 19, '0'),
(2495, 115, 20, '10490000'),
(2496, 115, 24, '13.0'),
(2497, 115, 25, '5.0'),
(2498, 115, 26, '148.9'),
(2499, 115, 27, '74.5'),
(2500, 115, 28, '4.85'),
(2501, 115, 29, '155.0'),
(2502, 116, 1, 'in thoi Samsung Galaxy A7'),
(2503, 116, 5, 'Samsung'),
(2504, 116, 6, 'https://www.thegioididong.com/images/42/70761/samsung-galaxy-a7-icon-2-400x500.png'),
(2505, 116, 7, 'Android'),
(2506, 116, 8, 'Snapdragon 615'),
(2507, 116, 9, 'Adreno 405'),
(2508, 116, 10, 'TFT'),
(2509, 116, 11, '1080x1920'),
(2510, 116, 12, '2'),
(2511, 116, 13, '2600'),
(2512, 116, 14, '5.5'),
(2513, 116, 15, '0.0'),
(2514, 116, 16, '2.0'),
(2515, 116, 17, '0'),
(2516, 116, 18, '16'),
(2517, 116, 19, '64'),
(2518, 116, 20, '9990000'),
(2519, 116, 24, '13.0'),
(2520, 116, 25, '5.0');

-- --------------------------------------------------------

--
-- Table structure for table `votes`
--

CREATE TABLE IF NOT EXISTS `votes` (
`id` int(11) NOT NULL,
  `user_id` int(11) NOT NULL,
  `item_id` int(11) NOT NULL,
  `type` int(11) NOT NULL,
  `created` datetime NOT NULL,
  `updated` datetime NOT NULL
) ENGINE=InnoDB DEFAULT CHARSET=latin1 AUTO_INCREMENT=1 ;

--
-- Indexes for dumped tables
--

--
-- Indexes for table `attributes`
--
ALTER TABLE `attributes`
 ADD PRIMARY KEY (`id`), ADD UNIQUE KEY `attr_id` (`id`);

--
-- Indexes for table `billitems`
--
ALTER TABLE `billitems`
 ADD UNIQUE KEY `id` (`id`);

--
-- Indexes for table `comments`
--
ALTER TABLE `comments`
 ADD PRIMARY KEY (`id`);

--
-- Indexes for table `favoriteitems`
--
ALTER TABLE `favoriteitems`
 ADD PRIMARY KEY (`id`);

--
-- Indexes for table `favorites`
--
ALTER TABLE `favorites`
 ADD PRIMARY KEY (`id`);

--
-- Indexes for table `items`
--
ALTER TABLE `items`
 ADD PRIMARY KEY (`id`);

--
-- Indexes for table `relationships`
--
ALTER TABLE `relationships`
 ADD PRIMARY KEY (`id`);

--
-- Indexes for table `users`
--
ALTER TABLE `users`
 ADD PRIMARY KEY (`id`);

--
-- Indexes for table `values`
--
ALTER TABLE `values`
 ADD PRIMARY KEY (`id`);

--
-- Indexes for table `votes`
--
ALTER TABLE `votes`
 ADD PRIMARY KEY (`id`);

--
-- AUTO_INCREMENT for dumped tables
--

--
-- AUTO_INCREMENT for table `users`
--
ALTER TABLE `users`
MODIFY `id` int(11) NOT NULL AUTO_INCREMENT,AUTO_INCREMENT=5;
--
-- AUTO_INCREMENT for table `values`
--
ALTER TABLE `values`
MODIFY `id` int(11) NOT NULL AUTO_INCREMENT,AUTO_INCREMENT=2521;
--
-- AUTO_INCREMENT for table `votes`
--
ALTER TABLE `votes`
MODIFY `id` int(11) NOT NULL AUTO_INCREMENT;
/*!40101 SET CHARACTER_SET_CLIENT=@OLD_CHARACTER_SET_CLIENT */;
/*!40101 SET CHARACTER_SET_RESULTS=@OLD_CHARACTER_SET_RESULTS */;
/*!40101 SET COLLATION_CONNECTION=@OLD_COLLATION_CONNECTION */;
