-- phpMyAdmin SQL Dump
-- version 4.2.7.1
-- http://www.phpmyadmin.net
--
-- Host: localhost
-- Generation Time: Mar 30, 2015 at 09:18 PM
-- Server version: 5.6.20
-- PHP Version: 5.5.15

SET SQL_MODE = "NO_AUTO_VALUE_ON_ZERO";
SET time_zone = "+00:00";


/*!40101 SET @OLD_CHARACTER_SET_CLIENT=@@CHARACTER_SET_CLIENT */;
/*!40101 SET @OLD_CHARACTER_SET_RESULTS=@@CHARACTER_SET_RESULTS */;
/*!40101 SET @OLD_COLLATION_CONNECTION=@@COLLATION_CONNECTION */;
/*!40101 SET NAMES utf8 */;

--
-- Database: `do_an`
--

DELIMITER $$
--
-- Procedures
--
CREATE DEFINER=`root`@`localhost` PROCEDURE `test_multi_sets`()
    DETERMINISTIC
begin
        select user() as first_col;
        select user() as first_col, now() as second_col;
        select user() as first_col, now() as second_col, now() as third_col;
        end$$

DELIMITER ;

-- --------------------------------------------------------

--
-- Table structure for table `attributes`
--

CREATE TABLE IF NOT EXISTS `attributes` (
  `id` int(11) NOT NULL,
  `parent_id` int(11) DEFAULT NULL,
  `attr_name` varchar(20) DEFAULT NULL,
  `attr_type` varchar(10) DEFAULT NULL,
  `weight` int(255) NOT NULL,
  `status` int(2) NOT NULL,
  `updated_at` datetime NOT NULL
) ENGINE=InnoDB DEFAULT CHARSET=utf8;

--
-- Dumping data for table `attributes`
--

INSERT INTO `attributes` (`id`, `parent_id`, `attr_name`, `attr_type`, `weight`, `status`, `updated_at`) VALUES
(1, 0, 'Name', 'Varchar', 0, 1, '0000-00-00 00:00:00'),
(5, 0, 'Manufacturer', 'Varchar', 0, 1, '0000-00-00 00:00:00'),
(6, 0, 'IMG', 'Varchar', 0, 1, '0000-00-00 00:00:00'),
(7, 0, 'OS', 'Varchar', 0, 1, '0000-00-00 00:00:00'),
(8, 0, 'CPU', 'Varchar', 0, 1, '0000-00-00 00:00:00'),
(9, 0, 'GPU', 'Varchar', 0, 1, '0000-00-00 00:00:00'),
(10, 0, 'Screen type', 'Varchar', 0, 1, '0000-00-00 00:00:00'),
(11, 0, 'Screen resolution', 'Varchar', 0, 1, '0000-00-00 00:00:00'),
(12, 0, 'Sim', 'Integer', 0, 1, '0000-00-00 00:00:00'),
(13, 0, 'Battery', 'Integer', 0, 1, '0000-00-00 00:00:00'),
(14, 0, 'Screen size', 'Float', 0, 1, '0000-00-00 00:00:00'),
(15, 0, 'CPU speed', 'Float', 0, 1, '0000-00-00 00:00:00'),
(16, 0, 'Ram', 'Float', 0, 1, '0000-00-00 00:00:00'),
(17, 0, 'NFC', 'Boolean', 0, 1, '0000-00-00 00:00:00'),
(18, 0, 'ROM', 'Integer', 0, 1, '0000-00-00 00:00:00'),
(19, 0, 'SD card', 'Integer', 0, 1, '0000-00-00 00:00:00'),
(20, 0, 'Price', 'Integer', 0, 1, '0000-00-00 00:00:00'),
(24, 0, 'Rear camera', 'Float', 0, 1, '0000-00-00 00:00:00'),
(25, 0, 'Front camera', 'Float', 0, 1, '0000-00-00 00:00:00'),
(26, 0, 'Length', 'Float', 0, 1, '0000-00-00 00:00:00'),
(27, 0, 'Width', 'Float', 0, 1, '0000-00-00 00:00:00'),
(28, 0, 'Thickness', 'Float', 0, 1, '0000-00-00 00:00:00'),
(29, 0, 'Weight', 'Float', 0, 1, '0000-00-00 00:00:00');

-- --------------------------------------------------------

--
-- Table structure for table `billitems`
--

CREATE TABLE IF NOT EXISTS `billitems` (
  `id` int(11) NOT NULL,
  `bill_id` int(11) NOT NULL,
  `item_id` int(11) NOT NULL,
  `updated_at` datetime NOT NULL
) ENGINE=InnoDB DEFAULT CHARSET=latin1;

-- --------------------------------------------------------

--
-- Table structure for table `bills`
--

CREATE TABLE IF NOT EXISTS `bills` (
  `id` int(11) NOT NULL,
  `user_id` int(11) NOT NULL,
  `status` int(1) NOT NULL,
  `created_at` datetime NOT NULL,
  `updated_at` datetime NOT NULL
) ENGINE=InnoDB DEFAULT CHARSET=latin1;

-- --------------------------------------------------------

--
-- Table structure for table `comments`
--

CREATE TABLE IF NOT EXISTS `comments` (
  `id` int(11) NOT NULL,
  `user_id` int(11) NOT NULL,
  `item_id` int(11) NOT NULL,
  `content` text NOT NULL,
  `created_at` datetime NOT NULL,
  `updated_at` datetime NOT NULL
) ENGINE=InnoDB DEFAULT CHARSET=latin1;

-- --------------------------------------------------------

--
-- Table structure for table `favoriteitems`
--

CREATE TABLE IF NOT EXISTS `favoriteitems` (
  `id` int(11) NOT NULL,
  `user_id` int(11) NOT NULL,
  `item_id` int(11) NOT NULL,
  `updated_at` datetime NOT NULL,
  `created_at` datetime NOT NULL
) ENGINE=InnoDB DEFAULT CHARSET=latin1;

-- --------------------------------------------------------

--
-- Table structure for table `items`
--

CREATE TABLE IF NOT EXISTS `items` (
  `id` int(11) NOT NULL,
  `name` varchar(255) NOT NULL,
  `status` int(11) NOT NULL,
  `updated_at` datetime NOT NULL,
  `created_at` datetime NOT NULL
) ENGINE=InnoDB DEFAULT CHARSET=latin1;

--
-- Dumping data for table `items`
--

INSERT INTO `items` (`id`, `name`, `status`, `updated_at`, `created_at`) VALUES
(1, 'iPhone 6 Plus 128GB', 1, '0000-00-00 00:00:00', '0000-00-00 00:00:00'),
(2, 'iPhone 6 128GB', 1, '0000-00-00 00:00:00', '0000-00-00 00:00:00'),
(3, 'iPhone 6 Plus 64GB', 1, '0000-00-00 00:00:00', '0000-00-00 00:00:00'),
(4, 'Samsung Galaxy Note Edge', 1, '0000-00-00 00:00:00', '0000-00-00 00:00:00'),
(5, 'iPhone 6 Plus 16GB', 1, '0000-00-00 00:00:00', '0000-00-00 00:00:00'),
(6, 'iPhone 6 64GB', 1, '0000-00-00 00:00:00', '0000-00-00 00:00:00'),
(7, 'iPhone 6 Plus 128GB', 1, '0000-00-00 00:00:00', '0000-00-00 00:00:00'),
(8, 'iPhone 6 128GB', 1, '0000-00-00 00:00:00', '0000-00-00 00:00:00'),
(9, 'iPhone 6 Plus 64GB', 1, '0000-00-00 00:00:00', '0000-00-00 00:00:00'),
(10, 'Samsung Galaxy Note Edge', 1, '0000-00-00 00:00:00', '0000-00-00 00:00:00'),
(11, 'iPhone 6 Plus 128GB', 1, '0000-00-00 00:00:00', '0000-00-00 00:00:00'),
(12, 'iPhone 6 128GB', 1, '0000-00-00 00:00:00', '0000-00-00 00:00:00'),
(13, 'iPhone 6 Plus 64GB', 1, '0000-00-00 00:00:00', '0000-00-00 00:00:00'),
(14, 'Samsung Galaxy Note Edge', 1, '0000-00-00 00:00:00', '0000-00-00 00:00:00'),
(15, 'iPhone 6 Plus 16GB', 1, '0000-00-00 00:00:00', '0000-00-00 00:00:00'),
(16, 'iPhone 6 64GB', 1, '0000-00-00 00:00:00', '0000-00-00 00:00:00'),
(17, 'Samsung Galaxy Note 4', 1, '0000-00-00 00:00:00', '0000-00-00 00:00:00'),
(18, 'iPhone 6 16GB', 1, '0000-00-00 00:00:00', '0000-00-00 00:00:00'),
(19, 'Sony Xperia Z3', 1, '0000-00-00 00:00:00', '0000-00-00 00:00:00'),
(20, 'iPhone 5S 16GB', 1, '0000-00-00 00:00:00', '0000-00-00 00:00:00'),
(21, 'HTC Desire Eye', 1, '0000-00-00 00:00:00', '0000-00-00 00:00:00'),
(22, 'Sony Xperia Z2', 1, '0000-00-00 00:00:00', '0000-00-00 00:00:00'),
(23, 'Sony Xperia Z3 Compact', 1, '0000-00-00 00:00:00', '0000-00-00 00:00:00'),
(24, 'Nokia Lumia 930', 1, '0000-00-00 00:00:00', '0000-00-00 00:00:00'),
(25, 'Sony Xperia Z1 C6902', 1, '0000-00-00 00:00:00', '0000-00-00 00:00:00'),
(26, 'OPPO R5 Gilded', 1, '0000-00-00 00:00:00', '0000-00-00 00:00:00'),
(27, 'Samsung Galaxy A7', 1, '0000-00-00 00:00:00', '0000-00-00 00:00:00'),
(28, 'Samsung Galaxy Alpha', 1, '0000-00-00 00:00:00', '0000-00-00 00:00:00'),
(29, 'OPPO R5', 1, '0000-00-00 00:00:00', '0000-00-00 00:00:00'),
(30, 'OPPO Find 7a', 1, '0000-00-00 00:00:00', '0000-00-00 00:00:00'),
(31, 'Samsung Galaxy A5', 1, '0000-00-00 00:00:00', '0000-00-00 00:00:00'),
(32, 'Pantech Vega Iron 2 A910S', 1, '0000-00-00 00:00:00', '0000-00-00 00:00:00'),
(33, 'OPPO N1 Mini', 1, '0000-00-00 00:00:00', '0000-00-00 00:00:00'),
(34, 'Nokia Lumia 830', 1, '0000-00-00 00:00:00', '0000-00-00 00:00:00'),
(35, 'OPPO R1K R8001', 1, '0000-00-00 00:00:00', '0000-00-00 00:00:00'),
(36, 'Sony Xperia T2 Ultra', 1, '0000-00-00 00:00:00', '0000-00-00 00:00:00'),
(37, 'iPhone 4S 8GB', 1, '0000-00-00 00:00:00', '0000-00-00 00:00:00'),
(38, 'OPPO R1 R829', 1, '0000-00-00 00:00:00', '0000-00-00 00:00:00'),
(39, 'HTC Desire 816', 1, '0000-00-00 00:00:00', '0000-00-00 00:00:00'),
(40, 'Sony Xperia M2 Aqua', 1, '0000-00-00 00:00:00', '0000-00-00 00:00:00'),
(41, 'Samsung Galaxy A3', 1, '0000-00-00 00:00:00', '0000-00-00 00:00:00'),
(42, 'Samsung Galaxy E7', 1, '0000-00-00 00:00:00', '0000-00-00 00:00:00'),
(43, 'HTC Desire 820Q', 1, '0000-00-00 00:00:00', '0000-00-00 00:00:00'),
(44, 'HTC Desire 816G', 1, '0000-00-00 00:00:00', '0000-00-00 00:00:00'),
(45, 'Sony Xperia C3', 1, '0000-00-00 00:00:00', '0000-00-00 00:00:00'),
(46, 'OPPO Mirror 3', 1, '0000-00-00 00:00:00', '0000-00-00 00:00:00'),
(47, 'LG G3 Stylus', 1, '0000-00-00 00:00:00', '0000-00-00 00:00:00'),
(48, 'Pantech Vega Iron A870S', 1, '0000-00-00 00:00:00', '0000-00-00 00:00:00'),
(49, 'Samsung Galaxy E5', 1, '0000-00-00 00:00:00', '0000-00-00 00:00:00'),
(50, 'Lenovo P70', 1, '0000-00-00 00:00:00', '0000-00-00 00:00:00'),
(51, 'HTC Desire 620G', 1, '0000-00-00 00:00:00', '0000-00-00 00:00:00'),
(52, 'Nokia Lumia 1320', 1, '0000-00-00 00:00:00', '0000-00-00 00:00:00'),
(53, 'OPPO Find 5 Mini R827', 1, '0000-00-00 00:00:00', '0000-00-00 00:00:00'),
(54, 'Samsung Galaxy Grand Prime G530', 1, '0000-00-00 00:00:00', '0000-00-00 00:00:00'),
(55, 'Nokia Lumia 730 Dual SIM', 1, '0000-00-00 00:00:00', '0000-00-00 00:00:00'),
(56, 'OPPO YoYo R2001', 1, '0000-00-00 00:00:00', '0000-00-00 00:00:00'),
(57, 'HTC DESIRE 616', 1, '0000-00-00 00:00:00', '0000-00-00 00:00:00'),
(58, 'Asus Zenfone 5', 1, '0000-00-00 00:00:00', '0000-00-00 00:00:00'),
(59, 'LG L80 D380', 1, '0000-00-00 00:00:00', '0000-00-00 00:00:00'),
(60, 'LG L Fino (L70 Plus)', 1, '0000-00-00 00:00:00', '0000-00-00 00:00:00'),
(61, 'iPhone 6 Plus 128GB', 1, '0000-00-00 00:00:00', '0000-00-00 00:00:00'),
(62, 'iPhone 6 128GB', 1, '0000-00-00 00:00:00', '0000-00-00 00:00:00'),
(63, 'iPhone 6 Plus 64GB', 1, '0000-00-00 00:00:00', '0000-00-00 00:00:00'),
(64, 'Samsung Galaxy Note Edge', 1, '0000-00-00 00:00:00', '0000-00-00 00:00:00'),
(65, 'iPhone 6 Plus 16GB', 1, '0000-00-00 00:00:00', '0000-00-00 00:00:00'),
(66, 'iPhone 6 64GB', 1, '0000-00-00 00:00:00', '0000-00-00 00:00:00'),
(67, 'Samsung Galaxy Note 4', 1, '0000-00-00 00:00:00', '0000-00-00 00:00:00'),
(68, 'iPhone 6 16GB', 1, '0000-00-00 00:00:00', '0000-00-00 00:00:00'),
(69, 'Sony Xperia Z3', 1, '0000-00-00 00:00:00', '0000-00-00 00:00:00'),
(70, 'iPhone 5S 16GB', 1, '0000-00-00 00:00:00', '0000-00-00 00:00:00'),
(71, 'iPhone 6 Plus 128GB', 1, '0000-00-00 00:00:00', '0000-00-00 00:00:00'),
(72, 'iPhone 6 128GB', 1, '0000-00-00 00:00:00', '0000-00-00 00:00:00'),
(73, 'iPhone 6 Plus 64GB', 1, '0000-00-00 00:00:00', '0000-00-00 00:00:00'),
(74, 'Samsung Galaxy Note Edge', 1, '0000-00-00 00:00:00', '0000-00-00 00:00:00'),
(75, 'iPhone 6 Plus 16GB', 1, '0000-00-00 00:00:00', '0000-00-00 00:00:00'),
(76, 'iPhone 6 64GB', 1, '0000-00-00 00:00:00', '0000-00-00 00:00:00'),
(77, 'Samsung Galaxy Note 4', 1, '0000-00-00 00:00:00', '0000-00-00 00:00:00'),
(78, 'iPhone 6 16GB', 1, '0000-00-00 00:00:00', '0000-00-00 00:00:00'),
(79, 'Sony Xperia Z3', 1, '0000-00-00 00:00:00', '0000-00-00 00:00:00'),
(80, 'iPhone 5S 16GB', 1, '0000-00-00 00:00:00', '0000-00-00 00:00:00'),
(81, 'HTC Desire Eye', 1, '0000-00-00 00:00:00', '0000-00-00 00:00:00'),
(82, 'Sony Xperia Z2', 1, '0000-00-00 00:00:00', '0000-00-00 00:00:00'),
(83, 'Sony Xperia Z3 Compact', 1, '0000-00-00 00:00:00', '0000-00-00 00:00:00'),
(84, 'Nokia Lumia 930', 1, '0000-00-00 00:00:00', '0000-00-00 00:00:00'),
(85, 'Sony Xperia Z1 C6902', 1, '0000-00-00 00:00:00', '0000-00-00 00:00:00'),
(86, 'OPPO R5 Gilded', 1, '0000-00-00 00:00:00', '0000-00-00 00:00:00'),
(87, 'Samsung Galaxy A7', 1, '0000-00-00 00:00:00', '0000-00-00 00:00:00'),
(88, 'Samsung Galaxy Alpha', 1, '0000-00-00 00:00:00', '0000-00-00 00:00:00'),
(89, 'OPPO R5', 1, '0000-00-00 00:00:00', '0000-00-00 00:00:00'),
(90, 'OPPO Find 7a', 1, '0000-00-00 00:00:00', '0000-00-00 00:00:00'),
(91, 'Samsung Galaxy A5', 1, '0000-00-00 00:00:00', '0000-00-00 00:00:00'),
(92, 'Pantech Vega Iron 2 A910S', 1, '0000-00-00 00:00:00', '0000-00-00 00:00:00'),
(93, 'OPPO N1 Mini', 1, '0000-00-00 00:00:00', '0000-00-00 00:00:00'),
(94, 'Nokia Lumia 830', 1, '0000-00-00 00:00:00', '0000-00-00 00:00:00'),
(95, 'OPPO R1K R8001', 1, '0000-00-00 00:00:00', '0000-00-00 00:00:00'),
(96, 'Sony Xperia T2 Ultra', 1, '0000-00-00 00:00:00', '0000-00-00 00:00:00'),
(97, 'iPhone 4S 8GB', 1, '0000-00-00 00:00:00', '0000-00-00 00:00:00'),
(98, 'OPPO R1 R829', 1, '0000-00-00 00:00:00', '0000-00-00 00:00:00'),
(99, 'HTC Desire 816', 1, '0000-00-00 00:00:00', '0000-00-00 00:00:00'),
(100, 'iPhone 6 Plus 128GB', 1, '0000-00-00 00:00:00', '0000-00-00 00:00:00'),
(101, 'iPhone 6 128GB', 1, '0000-00-00 00:00:00', '0000-00-00 00:00:00'),
(102, 'iPhone 6 Plus 64GB', 1, '0000-00-00 00:00:00', '0000-00-00 00:00:00'),
(103, 'Samsung Galaxy Note Edge', 1, '0000-00-00 00:00:00', '0000-00-00 00:00:00'),
(104, 'iPhone 6 Plus 16GB', 1, '0000-00-00 00:00:00', '0000-00-00 00:00:00'),
(105, 'iPhone 6 64GB', 1, '0000-00-00 00:00:00', '0000-00-00 00:00:00'),
(106, 'Samsung Galaxy Note 4', 1, '0000-00-00 00:00:00', '0000-00-00 00:00:00'),
(107, 'iPhone 6 16GB', 1, '0000-00-00 00:00:00', '0000-00-00 00:00:00'),
(108, 'Sony Xperia Z3', 1, '0000-00-00 00:00:00', '0000-00-00 00:00:00'),
(109, 'iPhone 5S 16GB', 1, '0000-00-00 00:00:00', '0000-00-00 00:00:00'),
(110, 'HTC Desire Eye', 1, '0000-00-00 00:00:00', '0000-00-00 00:00:00'),
(111, 'Sony Xperia Z2', 1, '0000-00-00 00:00:00', '0000-00-00 00:00:00'),
(112, 'Sony Xperia Z3 Compact', 1, '0000-00-00 00:00:00', '0000-00-00 00:00:00'),
(113, 'Nokia Lumia 930', 1, '0000-00-00 00:00:00', '0000-00-00 00:00:00'),
(114, 'Sony Xperia Z1 C6902', 1, '0000-00-00 00:00:00', '0000-00-00 00:00:00'),
(115, 'OPPO R5 Gilded', 1, '0000-00-00 00:00:00', '0000-00-00 00:00:00'),
(116, 'Samsung Galaxy A7', 1, '0000-00-00 00:00:00', '0000-00-00 00:00:00');

-- --------------------------------------------------------

--
-- Table structure for table `relationships`
--

CREATE TABLE IF NOT EXISTS `relationships` (
`id` int(11) NOT NULL,
  `user_id` int(11) NOT NULL,
  `rel_user_id` int(11) NOT NULL,
  `rel_type` int(2) NOT NULL,
  `updated_at` datetime NOT NULL,
  `created_at` datetime NOT NULL
) ENGINE=InnoDB  DEFAULT CHARSET=latin1 AUTO_INCREMENT=9 ;

--
-- Dumping data for table `relationships`
--

INSERT INTO `relationships` (`id`, `user_id`, `rel_user_id`, `rel_type`, `updated_at`, `created_at`) VALUES
(8, 2, 2, 1, '2015-03-29 04:07:16', '2015-03-29 04:07:16');

-- --------------------------------------------------------

--
-- Table structure for table `users`
--

CREATE TABLE IF NOT EXISTS `users` (
`id` int(11) NOT NULL,
  `username` varchar(255) NOT NULL,
  `password` text NOT NULL,
  `role` int(11) NOT NULL,
  `status` int(11) NOT NULL,
  `updated_at` datetime NOT NULL,
  `created_at` datetime NOT NULL,
  `remember_token` varchar(255) NOT NULL
) ENGINE=InnoDB  DEFAULT CHARSET=latin1 AUTO_INCREMENT=5 ;

--
-- Dumping data for table `users`
--

INSERT INTO `users` (`id`, `username`, `password`, `role`, `status`, `updated_at`, `created_at`, `remember_token`) VALUES
(1, 'admin', '21232f297a57a5a743894a0e4a801fc3', 0, 1, '2015-03-29 02:13:56', '2015-03-24 08:07:43', 'VnRZZpOECeGMpU1DAq9vp3qsdvBGhFmFzbDV5wNmuC0Jba4VUxyxgLK5jqTu'),
(2, 'tungtobe', 'e02c85c710255a33bafb6c29c661d8c0', 1, 1, '2015-03-29 02:15:28', '2015-03-24 08:19:08', '4bmc81WrXNJd4RFot3rh747gpVZ90TzbJ4Z2eBbpOMolihDHaKvcIHETej12'),
(3, 'tungtobe1', 'e02c85c710255a33bafb6c29c661d8c0', 1, 1, '2015-03-24 17:11:54', '2015-03-24 17:11:54', ''),
(4, 'tungtobe2', 'e02c85c710255a33bafb6c29c661d8c0', 1, 1, '2015-03-24 17:14:15', '2015-03-24 17:14:15', '');

-- --------------------------------------------------------

--
-- Table structure for table `values`
--

CREATE TABLE IF NOT EXISTS `values` (
`id` int(11) NOT NULL,
  `item_id` int(11) NOT NULL DEFAULT '0',
  `attr_id` int(11) NOT NULL DEFAULT '0',
  `value` varchar(500) CHARACTER SET utf8 COLLATE utf8_unicode_ci DEFAULT NULL,
  `created_at` datetime DEFAULT NULL,
  `updated_at` datetime DEFAULT NULL
) ENGINE=InnoDB  DEFAULT CHARSET=latin1 AUTO_INCREMENT=2521 ;

--
-- Dumping data for table `values`
--

INSERT INTO `values` (`id`, `item_id`, `attr_id`, `value`, `created_at`, `updated_at`) VALUES
(1, 1, 5, 'Apple', NULL, NULL),
(2, 1, 6, 'https://www.thegioididong.com/images/42/70260/iphone-6-plus-128gb.png', NULL, NULL),
(3, 1, 7, 'iOS', NULL, NULL),
(4, 1, 8, 'Apple A8', NULL, NULL),
(5, 1, 9, 'PowerVR GX6450', NULL, NULL),
(6, 1, 10, 'IPS', NULL, NULL),
(7, 1, 11, '1080x1920', NULL, NULL),
(8, 1, 12, '1', NULL, NULL),
(9, 1, 13, '2915', NULL, NULL),
(10, 1, 14, '5.5', NULL, NULL),
(11, 1, 15, '1.4', NULL, NULL),
(12, 1, 16, '1.0', NULL, NULL),
(13, 1, 17, '1', NULL, NULL),
(14, 1, 18, '128', NULL, NULL),
(15, 1, 19, '0', NULL, NULL),
(16, 1, 20, '25590000', NULL, NULL),
(17, 1, 24, '8.0', NULL, NULL),
(18, 1, 25, '1.2', NULL, NULL),
(19, 1, 26, '158.1', NULL, NULL),
(20, 1, 27, '77.88', NULL, NULL),
(21, 1, 28, '7.1', NULL, NULL),
(22, 1, 29, '172.0', NULL, NULL),
(23, 2, 5, 'Apple', NULL, NULL),
(24, 2, 6, 'https://www.thegioididong.com/images/42/70257/iphone-6-128gb.png', NULL, NULL),
(25, 2, 7, 'iOS', NULL, NULL),
(26, 2, 8, 'Apple A8', NULL, NULL),
(27, 2, 9, 'PowerVR GX6450', NULL, NULL),
(28, 2, 10, 'IPS', NULL, NULL),
(29, 2, 11, '750x1334', NULL, NULL),
(30, 2, 12, '1', NULL, NULL),
(31, 2, 13, '1810', NULL, NULL),
(32, 2, 14, '4.7', NULL, NULL),
(33, 2, 15, '1.4', NULL, NULL),
(34, 2, 16, '1.0', NULL, NULL),
(35, 2, 17, '1', NULL, NULL),
(36, 2, 18, '128', NULL, NULL),
(37, 2, 19, '0', NULL, NULL),
(38, 2, 20, '22990000', NULL, NULL),
(39, 2, 24, '8.0', NULL, NULL),
(40, 2, 25, '1.2', NULL, NULL),
(41, 2, 26, '138.1', NULL, NULL),
(42, 2, 27, '67.0', NULL, NULL),
(43, 2, 28, '6.9', NULL, NULL),
(44, 2, 29, '124.0', NULL, NULL),
(45, 3, 5, 'Apple', NULL, NULL),
(46, 3, 6, 'https://www.thegioididong.com/images/42/70259/iphone-6-plus-64gb-128gb-copy.png', NULL, NULL),
(47, 3, 7, 'iOS', NULL, NULL),
(48, 3, 8, 'Apple A8', NULL, NULL),
(49, 3, 9, 'PowerVR GX6450', NULL, NULL),
(50, 3, 10, 'IPS', NULL, NULL),
(51, 3, 11, '1080x1920', NULL, NULL),
(52, 3, 12, '1', NULL, NULL),
(53, 3, 13, '2915', NULL, NULL),
(54, 3, 14, '5.5', NULL, NULL),
(55, 3, 15, '1.4', NULL, NULL),
(56, 3, 16, '1.0', NULL, NULL),
(57, 3, 17, '1', NULL, NULL),
(58, 3, 18, '64', NULL, NULL),
(59, 3, 19, '0', NULL, NULL),
(60, 3, 20, '22990000', NULL, NULL),
(61, 3, 24, '8.0', NULL, NULL),
(62, 3, 25, '1.2', NULL, NULL),
(63, 3, 26, '158.1', NULL, NULL),
(64, 3, 27, '77.8', NULL, NULL),
(65, 3, 28, '7.1', NULL, NULL),
(66, 3, 29, '172.0', NULL, NULL),
(67, 4, 5, 'Samsung', NULL, NULL),
(68, 4, 6, 'https://www.thegioididong.com/images/42/69704/samsung-galaxy-note-edge.png', NULL, NULL),
(69, 4, 7, 'Android', NULL, NULL),
(70, 4, 8, 'Qualcomm Snapdragon 805', NULL, NULL),
(71, 4, 9, 'Adreno 420', NULL, NULL),
(72, 4, 10, 'TFT', NULL, NULL),
(73, 4, 11, '1440x2560', NULL, NULL),
(74, 4, 12, '1', NULL, NULL),
(75, 4, 13, '3000', NULL, NULL),
(76, 4, 14, '5.6', NULL, NULL),
(77, 4, 15, '2.7', NULL, NULL),
(78, 4, 16, '3.0', NULL, NULL),
(79, 4, 17, '1', NULL, NULL),
(80, 4, 18, '32', NULL, NULL),
(81, 4, 19, '128', NULL, NULL),
(82, 4, 20, '20990000', NULL, NULL),
(83, 4, 24, '16.0', NULL, NULL),
(84, 4, 25, '3.7', NULL, NULL),
(85, 4, 26, '151.3', NULL, NULL),
(86, 4, 27, '82.4', NULL, NULL),
(87, 4, 28, '8.3', NULL, NULL),
(88, 4, 29, '174.0', NULL, NULL),
(89, 5, 5, 'Apple', NULL, NULL),
(90, 5, 6, 'https://www.thegioididong.com/images/42/69783/iphone-6-plus-16gb-99.png', NULL, NULL),
(91, 5, 7, 'iOS', NULL, NULL),
(92, 5, 8, 'Apple A8', NULL, NULL),
(93, 5, 9, 'PowerVR GX6450', NULL, NULL),
(94, 5, 10, 'IPS', NULL, NULL),
(95, 5, 11, '1080x1920', NULL, NULL),
(96, 5, 12, '1', NULL, NULL),
(97, 5, 13, '2915', NULL, NULL),
(98, 5, 14, '5.5', NULL, NULL),
(99, 5, 15, '1.4', NULL, NULL),
(100, 5, 16, '1.0', NULL, NULL),
(101, 5, 17, '1', NULL, NULL),
(102, 5, 18, '16', NULL, NULL),
(103, 5, 19, '0', NULL, NULL),
(104, 5, 20, '20390000', NULL, NULL),
(105, 5, 24, '8.0', NULL, NULL),
(106, 5, 25, '1.2', NULL, NULL),
(107, 5, 26, '158.1', NULL, NULL),
(108, 5, 27, '77.8', NULL, NULL),
(109, 5, 28, '7.1', NULL, NULL),
(110, 5, 29, '172.0', NULL, NULL),
(111, 6, 5, 'Apple', NULL, NULL),
(112, 6, 6, 'https://www.thegioididong.com/images/42/70258/iphone-6-64gb.png', NULL, NULL),
(113, 6, 7, 'iOS', NULL, NULL),
(114, 6, 8, 'Apple A8', NULL, NULL),
(115, 6, 9, 'PowerVR GX6450', NULL, NULL),
(116, 6, 10, 'IPS', NULL, NULL),
(117, 6, 11, '750x1334', NULL, NULL),
(118, 6, 12, '1', NULL, NULL),
(119, 6, 13, '1810', NULL, NULL),
(120, 6, 14, '4.7', NULL, NULL),
(121, 6, 15, '1.4', NULL, NULL),
(122, 6, 16, '1.0', NULL, NULL),
(123, 6, 17, '1', NULL, NULL),
(124, 6, 18, '64', NULL, NULL),
(125, 7, 5, 'Apple', NULL, NULL),
(126, 7, 6, 'https://www.thegioididong.com/images/42/70260/iphone-6-plus-128gb.png', NULL, NULL),
(127, 7, 7, 'iOS', NULL, NULL),
(128, 7, 8, 'Apple A8', NULL, NULL),
(129, 7, 9, 'PowerVR GX6450', NULL, NULL),
(130, 7, 10, 'IPS', NULL, NULL),
(131, 7, 11, '1080x1920', NULL, NULL),
(132, 7, 12, '1', NULL, NULL),
(133, 7, 13, '2915', NULL, NULL),
(134, 7, 14, '5.5', NULL, NULL),
(135, 7, 15, '1.4', NULL, NULL),
(136, 7, 16, '1.0', NULL, NULL),
(137, 7, 17, '1', NULL, NULL),
(138, 7, 18, '128', NULL, NULL),
(139, 7, 19, '0', NULL, NULL),
(140, 7, 20, '25590000', NULL, NULL),
(141, 7, 24, '8.0', NULL, NULL),
(142, 7, 25, '1.2', NULL, NULL),
(143, 7, 26, '158.1', NULL, NULL),
(144, 7, 27, '77.88', NULL, NULL),
(145, 7, 28, '7.1', NULL, NULL),
(146, 7, 29, '172.0', NULL, NULL),
(147, 8, 5, 'Apple', NULL, NULL),
(148, 8, 6, 'https://www.thegioididong.com/images/42/70257/iphone-6-128gb.png', NULL, NULL),
(149, 8, 7, 'iOS', NULL, NULL),
(150, 8, 8, 'Apple A8', NULL, NULL),
(151, 8, 9, 'PowerVR GX6450', NULL, NULL),
(152, 8, 10, 'IPS', NULL, NULL),
(153, 8, 11, '750x1334', NULL, NULL),
(154, 8, 12, '1', NULL, NULL),
(155, 8, 13, '1810', NULL, NULL),
(156, 8, 14, '4.7', NULL, NULL),
(157, 8, 15, '1.4', NULL, NULL),
(158, 8, 16, '1.0', NULL, NULL),
(159, 8, 17, '1', NULL, NULL),
(160, 8, 18, '128', NULL, NULL),
(161, 8, 19, '0', NULL, NULL),
(162, 8, 20, '22990000', NULL, NULL),
(163, 8, 24, '8.0', NULL, NULL),
(164, 8, 25, '1.2', NULL, NULL),
(165, 8, 26, '138.1', NULL, NULL),
(166, 8, 27, '67.0', NULL, NULL),
(167, 8, 28, '6.9', NULL, NULL),
(168, 8, 29, '124.0', NULL, NULL),
(169, 9, 5, 'Apple', NULL, NULL),
(170, 9, 6, 'https://www.thegioididong.com/images/42/70259/iphone-6-plus-64gb-128gb-copy.png', NULL, NULL),
(171, 9, 7, 'iOS', NULL, NULL),
(172, 9, 8, 'Apple A8', NULL, NULL),
(173, 9, 9, 'PowerVR GX6450', NULL, NULL),
(174, 9, 10, 'IPS', NULL, NULL),
(175, 9, 11, '1080x1920', NULL, NULL),
(176, 9, 12, '1', NULL, NULL),
(177, 9, 13, '2915', NULL, NULL),
(178, 9, 14, '5.5', NULL, NULL),
(179, 9, 15, '1.4', NULL, NULL),
(180, 9, 16, '1.0', NULL, NULL),
(181, 9, 17, '1', NULL, NULL),
(182, 9, 18, '64', NULL, NULL),
(183, 9, 19, '0', NULL, NULL),
(184, 9, 20, '22990000', NULL, NULL),
(185, 9, 24, '8.0', NULL, NULL),
(186, 9, 25, '1.2', NULL, NULL),
(187, 9, 26, '158.1', NULL, NULL),
(188, 9, 27, '77.8', NULL, NULL),
(189, 9, 28, '7.1', NULL, NULL),
(190, 9, 29, '172.0', NULL, NULL),
(191, 10, 5, 'Samsung', NULL, NULL),
(192, 10, 6, 'https://www.thegioididong.com/images/42/69704/samsung-galaxy-note-edge.png', NULL, NULL),
(193, 10, 7, 'Android', NULL, NULL),
(194, 10, 8, 'Qualcomm Snapdragon 805', NULL, NULL),
(195, 10, 9, 'Adreno 420', NULL, NULL),
(196, 10, 10, 'TFT', NULL, NULL),
(197, 10, 11, '1440x2560', NULL, NULL),
(198, 10, 12, '1', NULL, NULL),
(199, 10, 13, '3000', NULL, NULL),
(200, 10, 14, '5.6', NULL, NULL),
(201, 10, 15, '2.7', NULL, NULL),
(202, 10, 16, '3.0', NULL, NULL),
(203, 10, 17, '1', NULL, NULL),
(204, 11, 5, 'Apple', NULL, NULL),
(205, 11, 6, 'https://www.thegioididong.com/images/42/70260/iphone-6-plus-128gb.png', NULL, NULL),
(206, 11, 7, 'iOS', NULL, NULL),
(207, 11, 8, 'Apple A8', NULL, NULL),
(208, 11, 9, 'PowerVR GX6450', NULL, NULL),
(209, 11, 10, 'IPS', NULL, NULL),
(210, 11, 11, '1080x1920', NULL, NULL),
(211, 11, 12, '1', NULL, NULL),
(212, 11, 13, '2915', NULL, NULL),
(213, 11, 14, '5.5', NULL, NULL),
(214, 11, 15, '1.4', NULL, NULL),
(215, 11, 16, '1.0', NULL, NULL),
(216, 11, 17, '1', NULL, NULL),
(217, 11, 18, '128', NULL, NULL),
(218, 11, 19, '0', NULL, NULL),
(219, 11, 20, '25590000', NULL, NULL),
(220, 11, 24, '8.0', NULL, NULL),
(221, 11, 25, '1.2', NULL, NULL),
(222, 11, 26, '158.1', NULL, NULL),
(223, 11, 27, '77.88', NULL, NULL),
(224, 11, 28, '7.1', NULL, NULL),
(225, 11, 29, '172.0', NULL, NULL),
(226, 12, 5, 'Apple', NULL, NULL),
(227, 12, 6, 'https://www.thegioididong.com/images/42/70257/iphone-6-128gb.png', NULL, NULL),
(228, 12, 7, 'iOS', NULL, NULL),
(229, 12, 8, 'Apple A8', NULL, NULL),
(230, 12, 9, 'PowerVR GX6450', NULL, NULL),
(231, 12, 10, 'IPS', NULL, NULL),
(232, 12, 11, '750x1334', NULL, NULL),
(233, 12, 12, '1', NULL, NULL),
(234, 12, 13, '1810', NULL, NULL),
(235, 12, 14, '4.7', NULL, NULL),
(236, 12, 15, '1.4', NULL, NULL),
(237, 12, 16, '1.0', NULL, NULL),
(238, 12, 17, '1', NULL, NULL),
(239, 12, 18, '128', NULL, NULL),
(240, 12, 19, '0', NULL, NULL),
(241, 12, 20, '22990000', NULL, NULL),
(242, 12, 24, '8.0', NULL, NULL),
(243, 12, 25, '1.2', NULL, NULL),
(244, 12, 26, '138.1', NULL, NULL),
(245, 12, 27, '67.0', NULL, NULL),
(246, 12, 28, '6.9', NULL, NULL),
(247, 12, 29, '124.0', NULL, NULL),
(248, 13, 5, 'Apple', NULL, NULL),
(249, 13, 6, 'https://www.thegioididong.com/images/42/70259/iphone-6-plus-64gb-128gb-copy.png', NULL, NULL),
(250, 13, 7, 'iOS', NULL, NULL),
(251, 13, 8, 'Apple A8', NULL, NULL),
(252, 13, 9, 'PowerVR GX6450', NULL, NULL),
(253, 13, 10, 'IPS', NULL, NULL),
(254, 13, 11, '1080x1920', NULL, NULL),
(255, 13, 12, '1', NULL, NULL),
(256, 13, 13, '2915', NULL, NULL),
(257, 13, 14, '5.5', NULL, NULL),
(258, 13, 15, '1.4', NULL, NULL),
(259, 13, 16, '1.0', NULL, NULL),
(260, 13, 17, '1', NULL, NULL),
(261, 13, 18, '64', NULL, NULL),
(262, 13, 19, '0', NULL, NULL),
(263, 13, 20, '22990000', NULL, NULL),
(264, 13, 24, '8.0', NULL, NULL),
(265, 13, 25, '1.2', NULL, NULL),
(266, 13, 26, '158.1', NULL, NULL),
(267, 13, 27, '77.8', NULL, NULL),
(268, 13, 28, '7.1', NULL, NULL),
(269, 13, 29, '172.0', NULL, NULL),
(270, 14, 5, 'Samsung', NULL, NULL),
(271, 14, 6, 'https://www.thegioididong.com/images/42/69704/samsung-galaxy-note-edge.png', NULL, NULL),
(272, 14, 7, 'Android', NULL, NULL),
(273, 14, 8, 'Qualcomm Snapdragon 805', NULL, NULL),
(274, 14, 9, 'Adreno 420', NULL, NULL),
(275, 14, 10, 'TFT', NULL, NULL),
(276, 14, 11, '1440x2560', NULL, NULL),
(277, 14, 12, '1', NULL, NULL),
(278, 14, 13, '3000', NULL, NULL),
(279, 14, 14, '5.6', NULL, NULL),
(280, 14, 15, '2.7', NULL, NULL),
(281, 14, 16, '3.0', NULL, NULL),
(282, 14, 17, '1', NULL, NULL),
(283, 14, 18, '32', NULL, NULL),
(284, 14, 19, '128', NULL, NULL),
(285, 14, 20, '20990000', NULL, NULL),
(286, 14, 24, '16.0', NULL, NULL),
(287, 14, 25, '3.7', NULL, NULL),
(288, 14, 26, '151.3', NULL, NULL),
(289, 14, 27, '82.4', NULL, NULL),
(290, 14, 28, '8.3', NULL, NULL),
(291, 14, 29, '174.0', NULL, NULL),
(292, 15, 5, 'Apple', NULL, NULL),
(293, 15, 6, 'https://www.thegioididong.com/images/42/69783/iphone-6-plus-16gb-99.png', NULL, NULL),
(294, 15, 7, 'iOS', NULL, NULL),
(295, 15, 8, 'Apple A8', NULL, NULL),
(296, 15, 9, 'PowerVR GX6450', NULL, NULL),
(297, 15, 10, 'IPS', NULL, NULL),
(298, 15, 11, '1080x1920', NULL, NULL),
(299, 15, 12, '1', NULL, NULL),
(300, 15, 13, '2915', NULL, NULL),
(301, 15, 14, '5.5', NULL, NULL),
(302, 15, 15, '1.4', NULL, NULL),
(303, 15, 16, '1.0', NULL, NULL),
(304, 15, 17, '1', NULL, NULL),
(305, 15, 18, '16', NULL, NULL),
(306, 15, 19, '0', NULL, NULL),
(307, 15, 20, '20390000', NULL, NULL),
(308, 15, 24, '8.0', NULL, NULL),
(309, 15, 25, '1.2', NULL, NULL),
(310, 15, 26, '158.1', NULL, NULL),
(311, 15, 27, '77.8', NULL, NULL),
(312, 15, 28, '7.1', NULL, NULL),
(313, 15, 29, '172.0', NULL, NULL),
(314, 16, 5, 'Apple', NULL, NULL),
(315, 16, 6, 'https://www.thegioididong.com/images/42/70258/iphone-6-64gb.png', NULL, NULL),
(316, 16, 7, 'iOS', NULL, NULL),
(317, 16, 8, 'Apple A8', NULL, NULL),
(318, 16, 9, 'PowerVR GX6450', NULL, NULL),
(319, 16, 10, 'IPS', NULL, NULL),
(320, 16, 11, '750x1334', NULL, NULL),
(321, 16, 12, '1', NULL, NULL),
(322, 16, 13, '1810', NULL, NULL),
(323, 16, 14, '4.7', NULL, NULL),
(324, 16, 15, '1.4', NULL, NULL),
(325, 16, 16, '1.0', NULL, NULL),
(326, 16, 17, '1', NULL, NULL),
(327, 16, 18, '64', NULL, NULL),
(328, 16, 19, '0', NULL, NULL),
(329, 16, 20, '20390000', NULL, NULL),
(330, 16, 24, '8.0', NULL, NULL),
(331, 16, 25, '1.2', NULL, NULL),
(332, 16, 26, '138.1', NULL, NULL),
(333, 16, 27, '67.0', NULL, NULL),
(334, 16, 28, '6.9', NULL, NULL),
(335, 16, 29, '129.0', NULL, NULL),
(336, 17, 5, 'Samsung', NULL, NULL),
(337, 17, 6, 'https://www.thegioididong.com/images/42/68096/samsung-galaxy-note-4-icon-1.png', NULL, NULL),
(338, 17, 7, 'Android', NULL, NULL),
(339, 17, 8, 'Exynos 5433', NULL, NULL),
(340, 17, 9, 'Mali-T760', NULL, NULL),
(341, 17, 10, 'TFT', NULL, NULL),
(342, 17, 11, '1440x2560', NULL, NULL),
(343, 17, 12, '1', NULL, NULL),
(344, 17, 13, '3220', NULL, NULL),
(345, 17, 14, '5.7', NULL, NULL),
(346, 17, 15, '1.3', NULL, NULL),
(347, 17, 16, '3.0', NULL, NULL),
(348, 17, 17, '1', NULL, NULL),
(349, 17, 18, '32', NULL, NULL),
(350, 17, 19, '128', NULL, NULL),
(351, 17, 20, '17990000', NULL, NULL),
(352, 17, 24, '16.0', NULL, NULL),
(353, 17, 25, '3.7', NULL, NULL),
(354, 17, 26, '153.5', NULL, NULL),
(355, 17, 27, '78.6', NULL, NULL),
(356, 17, 28, '8.5', NULL, NULL),
(357, 17, 29, '176.0', NULL, NULL),
(358, 18, 5, 'Apple', NULL, NULL),
(359, 18, 6, 'https://www.thegioididong.com/images/42/60831/iphone-6-1.png', NULL, NULL),
(360, 18, 7, 'iOS', NULL, NULL),
(361, 18, 8, 'Apple A8', NULL, NULL),
(362, 18, 9, 'PowerVR GX6450', NULL, NULL),
(363, 18, 10, 'IPS', NULL, NULL),
(364, 18, 11, '750x1334', NULL, NULL),
(365, 18, 12, '1', NULL, NULL),
(366, 18, 13, '1810', NULL, NULL),
(367, 18, 14, '4.7', NULL, NULL),
(368, 18, 15, '1.4', NULL, NULL),
(369, 18, 16, '1.0', NULL, NULL),
(370, 18, 17, '1', NULL, NULL),
(371, 18, 18, '16', NULL, NULL),
(372, 18, 19, '0', NULL, NULL),
(373, 18, 20, '17790000', NULL, NULL),
(374, 18, 24, '8.0', NULL, NULL),
(375, 18, 25, '1.2', NULL, NULL),
(376, 18, 26, '138.1', NULL, NULL),
(377, 18, 27, '67.0', NULL, NULL),
(378, 18, 28, '6.9', NULL, NULL),
(379, 18, 29, '124.0', NULL, NULL),
(380, 19, 5, 'Sony', NULL, NULL),
(381, 19, 6, 'https://www.thegioididong.com/images/42/69698/sony-xperia-z3-png.png', NULL, NULL),
(382, 19, 7, 'Android', NULL, NULL),
(383, 19, 8, 'Qualcomm Snapdragon 801', NULL, NULL),
(384, 19, 9, 'Adreno 330', NULL, NULL),
(385, 19, 10, 'IPS', NULL, NULL),
(386, 19, 11, '1080x1920', NULL, NULL),
(387, 19, 12, '1', NULL, NULL),
(388, 19, 13, '3100', NULL, NULL),
(389, 19, 14, '5.2', NULL, NULL),
(390, 19, 15, '2.5', NULL, NULL),
(391, 19, 16, '3.0', NULL, NULL),
(392, 19, 17, '1', NULL, NULL),
(393, 19, 18, '16', NULL, NULL),
(394, 19, 19, '128', NULL, NULL),
(395, 19, 20, '14990000', NULL, NULL),
(396, 19, 24, '20.7', NULL, NULL),
(397, 19, 25, '2.2', NULL, NULL),
(398, 19, 26, '146.8', NULL, NULL),
(399, 19, 27, '73.3', NULL, NULL),
(400, 19, 28, '7.3', NULL, NULL),
(401, 19, 29, '153.0', NULL, NULL),
(402, 20, 5, 'Apple', NULL, NULL),
(403, 20, 6, 'https://www.thegioididong.com/images/42/60546/iphone-5s-16gb-1-400x533.png', NULL, NULL),
(404, 20, 7, 'iOS', NULL, NULL),
(405, 20, 8, 'Apple A7', NULL, NULL),
(406, 20, 9, 'PowerVR G6430', NULL, NULL),
(407, 20, 10, 'IPS', NULL, NULL),
(408, 20, 11, '640x1136', NULL, NULL),
(409, 20, 12, '1', NULL, NULL),
(410, 20, 13, '1560', NULL, NULL),
(411, 20, 14, '4.0', NULL, NULL),
(412, 20, 15, '1.3', NULL, NULL),
(413, 20, 16, '1.0', NULL, NULL),
(414, 20, 17, '0', NULL, NULL),
(415, 20, 18, '16', NULL, NULL),
(416, 20, 19, '0', NULL, NULL),
(417, 20, 20, '13990000', NULL, NULL),
(418, 20, 24, '8.0', NULL, NULL),
(419, 20, 25, '1.2', NULL, NULL),
(420, 20, 26, '123.8', NULL, NULL),
(421, 20, 27, '58.6', NULL, NULL),
(422, 20, 28, '7.6', NULL, NULL),
(423, 20, 29, '112.0', NULL, NULL),
(424, 21, 5, 'Htc', NULL, NULL),
(425, 21, 6, 'https://www.thegioididong.com/images/42/70104/htc-desire-eye-icon.png', NULL, NULL),
(426, 21, 7, 'Android', NULL, NULL),
(427, 21, 8, 'Qualcomm Snapdragon 801', NULL, NULL),
(428, 21, 9, 'Adreno 330', NULL, NULL),
(429, 21, 10, 'IPS', NULL, NULL),
(430, 21, 11, '1080x1920', NULL, NULL),
(431, 21, 12, '1', NULL, NULL),
(432, 21, 13, '2400', NULL, NULL),
(433, 21, 14, '5.2', NULL, NULL),
(434, 21, 15, '2.26', NULL, NULL),
(435, 21, 16, '2.0', NULL, NULL),
(436, 21, 17, '1', NULL, NULL),
(437, 21, 18, '16', NULL, NULL),
(438, 21, 19, '128', NULL, NULL),
(439, 21, 20, '12490000', NULL, NULL),
(440, 21, 24, '13.0', NULL, NULL),
(441, 21, 25, '13.0', NULL, NULL),
(442, 21, 26, '151.7', NULL, NULL),
(443, 21, 27, '73.8', NULL, NULL),
(444, 21, 28, '8.5', NULL, NULL),
(445, 21, 29, '154.0', NULL, NULL),
(446, 22, 5, 'Sony', NULL, NULL),
(447, 22, 6, 'https://www.thegioididong.com/images/42/61386/sony-xperia-z2-png.png', NULL, NULL),
(448, 22, 7, 'Android', NULL, NULL),
(449, 22, 8, 'Qualcomm MSM8974AB', NULL, NULL),
(450, 22, 9, 'Adreno 330', NULL, NULL),
(451, 22, 10, 'IPS', NULL, NULL),
(452, 22, 11, '1080x1920', NULL, NULL),
(453, 22, 12, '1', NULL, NULL),
(454, 22, 13, '3200', NULL, NULL),
(455, 22, 14, '5.2', NULL, NULL),
(456, 22, 15, '2.3', NULL, NULL),
(457, 22, 16, '3.0', NULL, NULL),
(458, 22, 17, '1', NULL, NULL),
(459, 22, 18, '16', NULL, NULL),
(460, 22, 19, '64', NULL, NULL),
(461, 22, 20, '11990000', NULL, NULL),
(462, 22, 24, '20.7', NULL, NULL),
(463, 22, 25, '2.2', NULL, NULL),
(464, 22, 26, '146.8', NULL, NULL),
(465, 22, 27, '73.3', NULL, NULL),
(466, 22, 28, '8.2', NULL, NULL),
(467, 22, 29, '163.0', NULL, NULL),
(468, 23, 5, 'Sony', NULL, NULL),
(469, 23, 6, 'https://www.thegioididong.com/images/42/69724/sony-xperia-z3-compact-png.png', NULL, NULL),
(470, 23, 7, 'Android', NULL, NULL),
(471, 23, 8, 'Qualcomm Snapdragon 801', NULL, NULL),
(472, 23, 9, 'Adreno 330', NULL, NULL),
(473, 23, 10, 'IPS', NULL, NULL),
(474, 23, 11, '720x1280', NULL, NULL),
(475, 23, 12, '1', NULL, NULL),
(476, 23, 13, '2600', NULL, NULL),
(477, 23, 14, '4.6', NULL, NULL),
(478, 23, 15, '2.5', NULL, NULL),
(479, 23, 16, '2.0', NULL, NULL),
(480, 23, 17, '1', NULL, NULL),
(481, 23, 18, '16', NULL, NULL),
(482, 23, 19, '64', NULL, NULL),
(483, 23, 20, '11990000', NULL, NULL),
(484, 23, 24, '20.7', NULL, NULL),
(485, 23, 25, '2.2', NULL, NULL),
(486, 23, 26, '127.3', NULL, NULL),
(487, 23, 27, '64.9', NULL, NULL),
(488, 23, 28, '8.6', NULL, NULL),
(489, 23, 29, '129.0', NULL, NULL),
(490, 24, 5, 'Nokia', NULL, NULL),
(491, 24, 6, 'https://www.thegioididong.com/images/42/61383/nokia-lumia-930-lumia-icon-png.png', NULL, NULL),
(492, 24, 7, 'Windows phone', NULL, NULL),
(493, 24, 8, 'Qualcomm Snapdragon 800', NULL, NULL),
(494, 24, 9, 'Adreno 330', NULL, NULL),
(495, 24, 10, 'TFT', NULL, NULL),
(496, 24, 11, '1080x1920', NULL, NULL),
(497, 24, 12, '1', NULL, NULL),
(498, 24, 13, '2420', NULL, NULL),
(499, 24, 14, '5.0', NULL, NULL),
(500, 24, 15, '2.2', NULL, NULL),
(501, 24, 16, '2.0', NULL, NULL),
(502, 24, 17, '1', NULL, NULL),
(503, 24, 18, '32', NULL, NULL),
(504, 24, 19, '0', NULL, NULL),
(505, 24, 20, '10990000', NULL, NULL),
(506, 24, 24, '20.0', NULL, NULL),
(507, 24, 25, '1.2', NULL, NULL),
(508, 24, 26, '137.0', NULL, NULL),
(509, 24, 27, '71.0', NULL, NULL),
(510, 24, 28, '9.8', NULL, NULL),
(511, 24, 29, '167.0', NULL, NULL),
(512, 25, 5, 'Sony', NULL, NULL),
(513, 25, 6, 'https://www.thegioididong.com/images/42/60103/sony-xperia-z1-c6902.png', NULL, NULL),
(514, 25, 7, 'Android', NULL, NULL),
(515, 25, 8, 'Qualcomm MSM8974', NULL, NULL),
(516, 25, 9, 'Adreno 330', NULL, NULL),
(517, 25, 10, 'TFT', NULL, NULL),
(518, 25, 11, '1080x1920', NULL, NULL),
(519, 25, 12, '1', NULL, NULL),
(520, 25, 13, '3000', NULL, NULL),
(521, 25, 14, '5.0', NULL, NULL),
(522, 25, 15, '2.2', NULL, NULL),
(523, 25, 16, '2.0', NULL, NULL),
(524, 25, 17, '1', NULL, NULL),
(525, 25, 18, '16', NULL, NULL),
(526, 25, 19, '64', NULL, NULL),
(527, 25, 20, '10490000', NULL, NULL),
(528, 25, 24, '20.7', NULL, NULL),
(529, 25, 25, '2.0', NULL, NULL),
(530, 25, 26, '144.0', NULL, NULL),
(531, 25, 27, '74.0', NULL, NULL),
(532, 25, 28, '8.5', NULL, NULL),
(533, 25, 29, '170.0', NULL, NULL),
(534, 26, 5, 'Oppo', NULL, NULL),
(535, 26, 6, 'https://www.thegioididong.com/images/42/71045/oppo-r5-gilded-01-400x533.png', NULL, NULL),
(536, 26, 7, 'Android', NULL, NULL),
(537, 26, 8, 'Snapdragon 615', NULL, NULL),
(538, 26, 9, 'Adreno 405', NULL, NULL),
(539, 26, 10, 'TFT', NULL, NULL),
(540, 26, 11, '1080x1920', NULL, NULL),
(541, 26, 12, '1', NULL, NULL),
(542, 26, 13, '2000', NULL, NULL),
(543, 26, 14, '5.2', NULL, NULL),
(544, 26, 15, '1.5', NULL, NULL),
(545, 26, 16, '2.0', NULL, NULL),
(546, 26, 17, '0', NULL, NULL),
(547, 26, 18, '16', NULL, NULL),
(548, 26, 19, '0', NULL, NULL),
(549, 26, 20, '10490000', NULL, NULL),
(550, 26, 24, '13.0', NULL, NULL),
(551, 26, 25, '5.0', NULL, NULL),
(552, 26, 26, '148.9', NULL, NULL),
(553, 26, 27, '74.5', NULL, NULL),
(554, 26, 28, '4.85', NULL, NULL),
(555, 26, 29, '155.0', NULL, NULL),
(556, 27, 5, 'Samsung', NULL, NULL),
(557, 27, 6, 'https://www.thegioididong.com/images/42/70761/samsung-galaxy-a7-icon-2-400x500.png', NULL, NULL),
(558, 27, 7, 'Android', NULL, NULL),
(559, 27, 8, 'Snapdragon 615', NULL, NULL),
(560, 27, 9, 'Adreno 405', NULL, NULL),
(561, 27, 10, 'TFT', NULL, NULL),
(562, 27, 11, '1080x1920', NULL, NULL),
(563, 27, 12, '2', NULL, NULL),
(564, 27, 13, '2600', NULL, NULL),
(565, 27, 14, '5.5', NULL, NULL),
(566, 27, 15, '0.0', NULL, NULL),
(567, 27, 16, '2.0', NULL, NULL),
(568, 27, 17, '0', NULL, NULL),
(569, 27, 18, '16', NULL, NULL),
(570, 27, 19, '64', NULL, NULL),
(571, 27, 20, '9990000', NULL, NULL),
(572, 27, 24, '13.0', NULL, NULL),
(573, 27, 25, '5.0', NULL, NULL),
(574, 27, 26, '151.0', NULL, NULL),
(575, 27, 27, '76.3', NULL, NULL),
(576, 27, 28, '6.3', NULL, NULL),
(577, 27, 29, '133.0', NULL, NULL),
(578, 28, 5, 'Samsung', NULL, NULL),
(579, 28, 6, 'https://www.thegioididong.com/images/42/69412/samsung-galaxy-alpha-400x533.png', NULL, NULL),
(580, 28, 7, 'Android', NULL, NULL),
(581, 28, 8, 'Exynos 5430', NULL, NULL),
(582, 28, 9, 'Mali-T628', NULL, NULL),
(583, 28, 10, 'TFT', NULL, NULL),
(584, 28, 11, '720x1280', NULL, NULL),
(585, 28, 12, '1', NULL, NULL),
(586, 28, 13, '1860', NULL, NULL),
(587, 28, 14, '4.7', NULL, NULL),
(588, 28, 15, '1.8', NULL, NULL),
(589, 28, 16, '2.0', NULL, NULL),
(590, 28, 17, '1', NULL, NULL),
(591, 28, 18, '32', NULL, NULL),
(592, 28, 19, '0', NULL, NULL),
(593, 28, 20, '9490000', NULL, NULL),
(594, 28, 24, '12.0', NULL, NULL),
(595, 28, 25, '2.1', NULL, NULL),
(596, 28, 26, '132.4', NULL, NULL),
(597, 28, 27, '65.5', NULL, NULL),
(598, 28, 28, '6.7', NULL, NULL),
(599, 28, 29, '115.0', NULL, NULL),
(600, 29, 5, 'Oppo', NULL, NULL),
(601, 29, 6, 'https://www.thegioididong.com/images/42/70238/oppo-r5-400x533-400x533.png', NULL, NULL),
(602, 29, 7, 'Android', NULL, NULL),
(603, 29, 8, 'Snapdragon 615', NULL, NULL),
(604, 29, 9, 'Adreno 405', NULL, NULL),
(605, 29, 10, 'TFT', NULL, NULL),
(606, 29, 11, '1080x1920', NULL, NULL),
(607, 29, 12, '1', NULL, NULL),
(608, 29, 13, '2000', NULL, NULL),
(609, 29, 14, '5.2', NULL, NULL),
(610, 29, 15, '1.5', NULL, NULL),
(611, 29, 16, '2.0', NULL, NULL),
(612, 29, 17, '0', NULL, NULL),
(613, 29, 18, '16', NULL, NULL),
(614, 29, 19, '0', NULL, NULL),
(615, 29, 20, '10000000', NULL, NULL),
(616, 29, 24, '13.0', NULL, NULL),
(617, 29, 25, '5.0', NULL, NULL),
(618, 29, 26, '148.9', NULL, NULL),
(619, 29, 27, '74.5', NULL, NULL),
(620, 29, 28, '4.85', NULL, NULL),
(621, 29, 29, '155.0', NULL, NULL),
(622, 30, 5, 'Oppo', NULL, NULL),
(623, 30, 6, 'https://www.thegioididong.com/images/42/67774/oppo-find-7a-1-400x533.png', NULL, NULL),
(624, 30, 7, 'Android', NULL, NULL),
(625, 30, 8, 'Qualcomm Snapdragon 801', NULL, NULL),
(626, 30, 9, 'Adreno 330', NULL, NULL),
(627, 30, 10, 'IPS', NULL, NULL),
(628, 30, 11, '1080x1920', NULL, NULL),
(629, 30, 12, '1', NULL, NULL),
(630, 30, 13, '2800', NULL, NULL),
(631, 30, 14, '5.5', NULL, NULL),
(632, 30, 15, '2.3', NULL, NULL),
(633, 30, 16, '2.0', NULL, NULL),
(634, 30, 17, '1', NULL, NULL),
(635, 30, 18, '16', NULL, NULL),
(636, 30, 19, '128', NULL, NULL),
(637, 30, 20, '8990000', NULL, NULL),
(638, 30, 24, '13.0', NULL, NULL),
(639, 30, 25, '5.0', NULL, NULL),
(640, 30, 26, '152.6', NULL, NULL),
(641, 30, 27, '75.0', NULL, NULL),
(642, 30, 28, '9.2', NULL, NULL),
(643, 30, 29, '170.0', NULL, NULL),
(644, 31, 5, 'Samsung', NULL, NULL),
(645, 31, 6, 'https://www.thegioididong.com/images/42/70049/samsung-galaxy-a500-400x533-400x533.png', NULL, NULL),
(646, 31, 7, 'Android', NULL, NULL),
(647, 31, 8, 'Qualcomm Snapdragon 410', NULL, NULL),
(648, 31, 9, 'Adreno 306', NULL, NULL),
(649, 31, 10, 'TFT', NULL, NULL),
(650, 31, 11, '720x1280', NULL, NULL),
(651, 31, 12, '2', NULL, NULL),
(652, 31, 13, '2300', NULL, NULL),
(653, 31, 14, '5.0', NULL, NULL),
(654, 31, 15, '1.2', NULL, NULL),
(655, 31, 16, '2.0', NULL, NULL),
(656, 31, 17, '0', NULL, NULL),
(657, 31, 18, '16', NULL, NULL),
(658, 31, 19, '64', NULL, NULL),
(659, 31, 20, '8990000', NULL, NULL),
(660, 31, 24, '13.0', NULL, NULL),
(661, 31, 25, '5.0', NULL, NULL),
(662, 31, 26, '139.3', NULL, NULL),
(663, 31, 27, '69.7', NULL, NULL),
(664, 31, 28, '6.7', NULL, NULL),
(665, 31, 29, '123.0', NULL, NULL),
(666, 32, 5, 'Pantech', NULL, NULL),
(667, 32, 6, 'https://www.thegioididong.com/images/42/70115/pantech-vega-iron-2-a910s-1-400x533.png', NULL, NULL),
(668, 32, 7, 'Android', NULL, NULL),
(669, 32, 8, 'Qualcomm Snapdragon 801', NULL, NULL),
(670, 32, 9, 'Adreno 330', NULL, NULL),
(671, 32, 10, 'TFT', NULL, NULL),
(672, 32, 11, '1080x1920', NULL, NULL),
(673, 32, 12, '1', NULL, NULL),
(674, 32, 13, '3220', NULL, NULL),
(675, 32, 14, '5.3', NULL, NULL),
(676, 32, 15, '2.26', NULL, NULL),
(677, 32, 16, '3.0', NULL, NULL),
(678, 32, 17, '1', NULL, NULL),
(679, 32, 18, '32', NULL, NULL),
(680, 32, 19, '2', NULL, NULL),
(681, 32, 20, '8990000', NULL, NULL),
(682, 32, 24, '13.0', NULL, NULL),
(683, 32, 25, '2.0', NULL, NULL),
(684, 32, 26, '144.2', NULL, NULL),
(685, 32, 27, '73.5', NULL, NULL),
(686, 32, 28, '7.9', NULL, NULL),
(687, 32, 29, '152.0', NULL, NULL),
(688, 33, 5, 'Oppo', NULL, NULL),
(689, 33, 6, 'https://www.thegioididong.com/images/42/69066/oppo-n1-mini-png.png', NULL, NULL),
(690, 33, 7, 'Android', NULL, NULL),
(691, 33, 8, 'Qualcomm Snapdragon 400', NULL, NULL),
(692, 33, 9, 'Adreno 305', NULL, NULL),
(693, 33, 10, 'IPS', NULL, NULL),
(694, 33, 11, '720x1280', NULL, NULL),
(695, 33, 12, '1', NULL, NULL),
(696, 33, 13, '2140', NULL, NULL),
(697, 33, 14, '5.0', NULL, NULL),
(698, 33, 15, '1.6', NULL, NULL),
(699, 33, 16, '2.0', NULL, NULL),
(700, 33, 17, '1', NULL, NULL),
(701, 33, 18, '16', NULL, NULL),
(702, 33, 19, '0', NULL, NULL),
(703, 33, 20, '8490000', NULL, NULL),
(704, 33, 24, '13.0', NULL, NULL),
(705, 33, 25, '13.0', NULL, NULL),
(706, 33, 26, '148.4', NULL, NULL),
(707, 33, 27, '72.2', NULL, NULL),
(708, 33, 28, '9.2', NULL, NULL),
(709, 33, 29, '151.0', NULL, NULL),
(710, 34, 5, 'Nokia', NULL, NULL),
(711, 34, 6, 'https://www.thegioididong.com/images/42/69721/nokia-lumia-830-png-1.png', NULL, NULL),
(712, 34, 7, 'Windows phone', NULL, NULL),
(713, 34, 8, 'Qualcomm Snapdragon 400', NULL, NULL),
(714, 34, 9, 'Adreno 305', NULL, NULL),
(715, 34, 10, 'IPS', NULL, NULL),
(716, 34, 11, '720x1280', NULL, NULL),
(717, 34, 12, '1', NULL, NULL),
(718, 34, 13, '2200', NULL, NULL),
(719, 34, 14, '5.0', NULL, NULL),
(720, 34, 15, '1.2', NULL, NULL),
(721, 34, 16, '1.0', NULL, NULL),
(722, 34, 17, '1', NULL, NULL),
(723, 34, 18, '16', NULL, NULL),
(724, 34, 19, '128', NULL, NULL),
(725, 34, 20, '7990000', NULL, NULL),
(726, 34, 24, '10.0', NULL, NULL),
(727, 34, 25, '1.0', NULL, NULL),
(728, 34, 26, '139.4', NULL, NULL),
(729, 34, 27, '70.7', NULL, NULL),
(730, 34, 28, '8.5', NULL, NULL),
(731, 34, 29, '150.0', NULL, NULL),
(732, 35, 5, 'Oppo', NULL, NULL),
(733, 35, 6, 'https://www.thegioididong.com/images/42/70845/oppo-r1k-r8001-400x533.png', NULL, NULL),
(734, 35, 7, 'Android', NULL, NULL),
(735, 35, 8, 'Qualcomm Snapdragon 400', NULL, NULL),
(736, 35, 9, 'Adreno 305', NULL, NULL),
(737, 35, 10, 'IPS', NULL, NULL),
(738, 35, 11, '720x1280', NULL, NULL),
(739, 35, 12, '1', NULL, NULL),
(740, 35, 13, '2410', NULL, NULL),
(741, 35, 14, '5.0', NULL, NULL),
(742, 35, 15, '1.6', NULL, NULL),
(743, 35, 16, '1.0', NULL, NULL),
(744, 35, 17, '0', NULL, NULL),
(745, 35, 18, '16', NULL, NULL),
(746, 35, 19, '0', NULL, NULL),
(747, 35, 20, '7990000', NULL, NULL),
(748, 35, 24, '13.0', NULL, NULL),
(749, 35, 25, '5.0', NULL, NULL),
(750, 35, 26, '142.7', NULL, NULL),
(751, 35, 27, '70.4', NULL, NULL),
(752, 35, 28, '7.1', NULL, NULL),
(753, 35, 29, '134.0', NULL, NULL),
(754, 36, 5, 'Sony', NULL, NULL),
(755, 36, 6, 'https://www.thegioididong.com/images/42/61309/sony-xperia-t2-ultra-icon.png', NULL, NULL),
(756, 36, 7, 'Android', NULL, NULL),
(757, 36, 8, 'Qualcomm MSM8928', NULL, NULL),
(758, 36, 9, 'Adreno 305', NULL, NULL),
(759, 36, 10, 'TFT', NULL, NULL),
(760, 36, 11, '720x1280', NULL, NULL),
(761, 36, 12, '2', NULL, NULL),
(762, 36, 13, '3000', NULL, NULL),
(763, 36, 14, '6.0', NULL, NULL),
(764, 36, 15, '1.4', NULL, NULL),
(765, 36, 16, '1.0', NULL, NULL),
(766, 36, 17, '1', NULL, NULL),
(767, 36, 18, '8', NULL, NULL),
(768, 36, 19, '32', NULL, NULL),
(769, 36, 20, '7490000', NULL, NULL),
(770, 36, 24, '13.0', NULL, NULL),
(771, 36, 25, '1.1', NULL, NULL),
(772, 36, 26, '165.2', NULL, NULL),
(773, 36, 27, '83.8', NULL, NULL),
(774, 36, 28, '7.7', NULL, NULL),
(775, 36, 29, '171.8', NULL, NULL),
(776, 37, 5, 'Apple', NULL, NULL),
(777, 37, 6, 'https://www.thegioididong.com/images/42/60686/iphone-4s-8gb.png', NULL, NULL),
(778, 37, 7, 'iOS', NULL, NULL),
(779, 37, 8, 'Apple A5', NULL, NULL),
(780, 37, 9, 'PowerVR SGX543MP3', NULL, NULL),
(781, 37, 10, 'IPS', NULL, NULL),
(782, 37, 11, '640x960', NULL, NULL),
(783, 37, 12, '1', NULL, NULL),
(784, 37, 13, '1420', NULL, NULL),
(785, 37, 14, '3.5', NULL, NULL),
(786, 37, 15, '1.0', NULL, NULL),
(787, 37, 16, '512.0', NULL, NULL),
(788, 37, 17, '0', NULL, NULL),
(789, 37, 18, '8', NULL, NULL),
(790, 37, 19, '0', NULL, NULL),
(791, 37, 20, '6990000', NULL, NULL),
(792, 37, 24, '8.0', NULL, NULL),
(793, 37, 25, '0.3', NULL, NULL),
(794, 37, 26, '115.2', NULL, NULL),
(795, 37, 27, '58.6', NULL, NULL),
(796, 37, 28, '9.3', NULL, NULL),
(797, 37, 29, '140.0', NULL, NULL),
(798, 38, 5, 'Oppo', NULL, NULL),
(799, 38, 6, 'https://www.thegioididong.com/images/42/61238/oppo-r1-r829t.png', NULL, NULL),
(800, 38, 7, 'Android', NULL, NULL),
(801, 38, 8, 'MTK 6582', NULL, NULL),
(802, 38, 9, 'Mali-400MP', NULL, NULL),
(803, 38, 10, 'IPS', NULL, NULL),
(804, 38, 11, '720x1280', NULL, NULL),
(805, 38, 12, '2', NULL, NULL),
(806, 38, 13, '2410', NULL, NULL),
(807, 38, 14, '5.0', NULL, NULL),
(808, 38, 15, '1.3', NULL, NULL),
(809, 38, 16, '1.0', NULL, NULL),
(810, 38, 17, '0', NULL, NULL),
(811, 38, 18, '16', NULL, NULL),
(812, 38, 19, '0', NULL, NULL),
(813, 38, 20, '6990000', NULL, NULL),
(814, 38, 24, '8.0', NULL, NULL),
(815, 38, 25, '5.0', NULL, NULL),
(816, 38, 26, '142.7', NULL, NULL),
(817, 38, 27, '70.4', NULL, NULL),
(818, 38, 28, '7.1', NULL, NULL),
(819, 38, 29, '140.0', NULL, NULL),
(820, 39, 5, 'Htc', NULL, NULL),
(821, 39, 6, 'https://www.thegioididong.com/images/42/66599/htc-desire-816-1-400x533.png', NULL, NULL),
(822, 39, 7, 'Android', NULL, NULL),
(823, 39, 8, 'Qualcomm Snapdragon 400', NULL, NULL),
(824, 39, 9, 'Adreno 305', NULL, NULL),
(825, 39, 10, 'TFT', NULL, NULL),
(826, 39, 11, '720x1280', NULL, NULL),
(827, 39, 12, '2', NULL, NULL),
(828, 39, 13, '2600', NULL, NULL),
(829, 39, 14, '5.5', NULL, NULL),
(830, 39, 15, '1.6', NULL, NULL),
(831, 39, 16, '1.0', NULL, NULL),
(832, 39, 17, '0', NULL, NULL),
(833, 39, 18, '8', NULL, NULL),
(834, 39, 19, '128', NULL, NULL),
(835, 39, 20, '6990000', NULL, NULL),
(836, 39, 24, '13.0', NULL, NULL),
(837, 39, 25, '5.0', NULL, NULL),
(838, 39, 26, '156.6', NULL, NULL),
(839, 39, 27, '78.7', NULL, NULL),
(840, 39, 28, '7.99', NULL, NULL),
(841, 39, 29, '165.0', NULL, NULL),
(842, 40, 5, 'Sony', NULL, NULL),
(843, 40, 6, 'https://www.thegioididong.com/images/42/69830/sony-xperia-m2-aqua.png', NULL, NULL),
(844, 40, 7, 'Android', NULL, NULL),
(845, 40, 8, 'Qualcomm Snapdragon 400', NULL, NULL),
(846, 40, 9, 'Adreno 305', NULL, NULL),
(847, 40, 10, 'IPS', NULL, NULL),
(848, 40, 11, '540x960', NULL, NULL),
(849, 40, 12, '1', NULL, NULL),
(850, 40, 13, '2300', NULL, NULL),
(851, 40, 14, '4.8', NULL, NULL),
(852, 40, 15, '1.2', NULL, NULL),
(853, 40, 16, '1.0', NULL, NULL),
(854, 40, 17, '1', NULL, NULL),
(855, 40, 18, '8', NULL, NULL),
(856, 40, 19, '32', NULL, NULL),
(857, 40, 20, '6990000', NULL, NULL),
(858, 40, 24, '8.0', NULL, NULL),
(859, 40, 25, '1.1', NULL, NULL),
(860, 40, 26, '140.0', NULL, NULL),
(861, 40, 27, '72.0', NULL, NULL),
(862, 40, 28, '8.6', NULL, NULL),
(863, 40, 29, '149.0', NULL, NULL),
(864, 41, 5, 'Samsung', NULL, NULL),
(865, 41, 6, 'https://www.thegioididong.com/images/42/70050/samsung-galaxy-a3-400x400-400x400.png', NULL, NULL),
(866, 41, 7, 'Android', NULL, NULL),
(867, 41, 8, 'Qualcomm Snapdragon 410', NULL, NULL),
(868, 41, 9, 'Adreno 306', NULL, NULL),
(869, 41, 10, 'TFT', NULL, NULL),
(870, 41, 11, '540x960', NULL, NULL),
(871, 41, 12, '2', NULL, NULL),
(872, 41, 13, '1900', NULL, NULL),
(873, 41, 14, '4.5', NULL, NULL),
(874, 41, 15, '1.2', NULL, NULL),
(875, 41, 16, '1.0', NULL, NULL),
(876, 41, 17, '0', NULL, NULL),
(877, 41, 18, '16', NULL, NULL),
(878, 41, 19, '64', NULL, NULL),
(879, 41, 20, '6990000', NULL, NULL),
(880, 41, 24, '8.0', NULL, NULL),
(881, 41, 25, '5.0', NULL, NULL),
(882, 41, 26, '130.1', NULL, NULL),
(883, 41, 27, '65.5', NULL, NULL),
(884, 41, 28, '6.9', NULL, NULL),
(885, 41, 29, '110.3', NULL, NULL),
(886, 42, 5, 'Samsung', NULL, NULL),
(887, 42, 6, 'https://www.thegioididong.com/images/42/70735/samsung-galaxy-e7-400x533.png', NULL, NULL),
(888, 42, 7, 'Android', NULL, NULL),
(889, 42, 8, 'Qualcomm Snapdragon 410', NULL, NULL),
(890, 42, 9, 'Adreno 306', NULL, NULL),
(891, 42, 10, 'TFT', NULL, NULL),
(892, 42, 11, '720x1280', NULL, NULL),
(893, 42, 12, '2', NULL, NULL),
(894, 42, 13, '2950', NULL, NULL),
(895, 42, 14, '5.5', NULL, NULL),
(896, 42, 15, '1.2', NULL, NULL),
(897, 42, 16, '2.0', NULL, NULL),
(898, 42, 17, '0', NULL, NULL),
(899, 42, 18, '16', NULL, NULL),
(900, 42, 19, '64', NULL, NULL),
(901, 42, 20, '6990000', NULL, NULL),
(902, 42, 24, '13.0', NULL, NULL),
(903, 42, 25, '5.0', NULL, NULL),
(904, 42, 26, '151.3', NULL, NULL),
(905, 42, 27, '77.2', NULL, NULL),
(906, 42, 28, '7.3', NULL, NULL),
(907, 42, 29, '0.0', NULL, NULL),
(908, 43, 5, 'Htc', NULL, NULL),
(909, 43, 6, 'https://www.thegioididong.com/images/42/70961/htc-desire-820q-1-400x533.png', NULL, NULL),
(910, 43, 7, 'Android', NULL, NULL),
(911, 43, 8, 'Qualcomm Snapdragon 410', NULL, NULL),
(912, 43, 9, 'Adreno 306', NULL, NULL),
(913, 43, 10, 'TFT', NULL, NULL),
(914, 43, 11, '720x1280', NULL, NULL),
(915, 43, 12, '2', NULL, NULL),
(916, 43, 13, '2600', NULL, NULL),
(917, 43, 14, '5.5', NULL, NULL),
(918, 43, 15, '1.2', NULL, NULL),
(919, 43, 16, '1.0', NULL, NULL),
(920, 43, 17, '0', NULL, NULL),
(921, 43, 18, '16', NULL, NULL),
(922, 43, 19, '128', NULL, NULL),
(923, 43, 20, '6890000', NULL, NULL),
(924, 43, 24, '13.0', NULL, NULL),
(925, 43, 25, '8.0', NULL, NULL),
(926, 43, 26, '157.7', NULL, NULL),
(927, 43, 27, '78.7', NULL, NULL),
(928, 43, 28, '7.7', NULL, NULL),
(929, 43, 29, '155.0', NULL, NULL),
(930, 44, 5, 'Htc', NULL, NULL),
(931, 44, 6, 'https://www.thegioididong.com/images/42/70122/htc-desire-816g-400x533.png', NULL, NULL),
(932, 44, 7, 'Android', NULL, NULL),
(933, 44, 8, 'MT6592', NULL, NULL),
(934, 44, 9, 'Mali 450 MP', NULL, NULL),
(935, 44, 10, 'TFT', NULL, NULL),
(936, 44, 11, '720x1280', NULL, NULL),
(937, 44, 12, '2', NULL, NULL),
(938, 44, 13, '2600', NULL, NULL),
(939, 44, 14, '5.5', NULL, NULL),
(940, 44, 15, '1.7', NULL, NULL),
(941, 44, 16, '1.0', NULL, NULL),
(942, 44, 17, '0', NULL, NULL),
(943, 44, 18, '8', NULL, NULL),
(944, 44, 19, '32', NULL, NULL),
(945, 44, 20, '6490000', NULL, NULL),
(946, 44, 24, '13.0', NULL, NULL),
(947, 44, 25, '5.0', NULL, NULL),
(948, 44, 26, '156.6', NULL, NULL),
(949, 44, 27, '78.7', NULL, NULL),
(950, 44, 28, '7.99', NULL, NULL),
(951, 44, 29, '165.0', NULL, NULL),
(952, 45, 5, 'Sony', NULL, NULL),
(953, 45, 6, 'https://www.thegioididong.com/images/42/69129/sony-xperia-c3.png', NULL, NULL),
(954, 45, 7, 'Android', NULL, NULL),
(955, 45, 8, 'Qualcomm Snapdragon 400', NULL, NULL),
(956, 45, 9, 'Adreno 305', NULL, NULL),
(957, 45, 10, 'IPS', NULL, NULL),
(958, 45, 11, '720x1280', NULL, NULL),
(959, 45, 12, '2', NULL, NULL),
(960, 45, 13, '2500', NULL, NULL),
(961, 45, 14, '5.5', NULL, NULL),
(962, 45, 15, '1.2', NULL, NULL),
(963, 45, 16, '1.0', NULL, NULL),
(964, 45, 17, '1', NULL, NULL),
(965, 45, 18, '8', NULL, NULL),
(966, 45, 19, '32', NULL, NULL),
(967, 45, 20, '5990000', NULL, NULL),
(968, 45, 24, '8.0', NULL, NULL),
(969, 45, 25, '5.0', NULL, NULL),
(970, 45, 26, '156.2', NULL, NULL),
(971, 45, 27, '78.7', NULL, NULL),
(972, 45, 28, '7.6', NULL, NULL),
(973, 45, 29, '149.7', NULL, NULL),
(974, 46, 5, 'Oppo', NULL, NULL),
(975, 46, 6, 'https://www.thegioididong.com/images/42/70844/oppo-mirror-3-400x533.png', NULL, NULL),
(976, 46, 7, 'Android', NULL, NULL),
(977, 46, 8, 'Qualcomm Snapdragon 410', NULL, NULL),
(978, 46, 9, 'Adreno 306', NULL, NULL),
(979, 46, 10, 'IPS', NULL, NULL),
(980, 46, 11, '720x1280', NULL, NULL),
(981, 46, 12, '2', NULL, NULL),
(982, 46, 13, '2000', NULL, NULL),
(983, 46, 14, '4.7', NULL, NULL),
(984, 46, 15, '1.2', NULL, NULL),
(985, 46, 16, '1.0', NULL, NULL),
(986, 46, 17, '0', NULL, NULL),
(987, 46, 18, '8', NULL, NULL),
(988, 46, 19, '128', NULL, NULL),
(989, 46, 20, '5690000', NULL, NULL),
(990, 46, 24, '8.0', NULL, NULL),
(991, 46, 25, '5.0', NULL, NULL),
(992, 46, 26, '137.0', NULL, NULL),
(993, 46, 27, '68.0', NULL, NULL),
(994, 46, 28, '8.95', NULL, NULL),
(995, 46, 29, '126.0', NULL, NULL),
(996, 47, 5, 'Lg', NULL, NULL),
(997, 47, 6, 'https://www.thegioididong.com/images/42/69898/lg-g3-stylus-1-400x533.png', NULL, NULL),
(998, 47, 7, 'Android', NULL, NULL),
(999, 47, 8, 'MTK 6582', NULL, NULL),
(1000, 47, 9, 'Mali-400', NULL, NULL),
(1001, 47, 10, 'IPS', NULL, NULL),
(1002, 47, 11, '540x960', NULL, NULL),
(1003, 47, 12, '2', NULL, NULL),
(1004, 47, 13, '3000', NULL, NULL),
(1005, 47, 14, '5.5', NULL, NULL),
(1006, 47, 15, '1.3', NULL, NULL),
(1007, 47, 16, '1.0', NULL, NULL),
(1008, 47, 17, '0', NULL, NULL),
(1009, 47, 18, '8', NULL, NULL),
(1010, 47, 19, '32', NULL, NULL),
(1011, 47, 20, '5490000', NULL, NULL),
(1012, 47, 24, '13.0', NULL, NULL),
(1013, 47, 25, '1.3', NULL, NULL),
(1014, 47, 26, '149.3', NULL, NULL),
(1015, 47, 27, '75.9', NULL, NULL),
(1016, 47, 28, '10.2', NULL, NULL),
(1017, 47, 29, '163.0', NULL, NULL),
(1018, 48, 5, 'Pantech', NULL, NULL),
(1019, 48, 6, 'https://www.thegioididong.com/images/42/70111/pantech-vega-iron-a870s-1-400x533.png', NULL, NULL),
(1020, 48, 7, 'Android', NULL, NULL),
(1021, 48, 8, 'Qualcomm Snapdragon 600', NULL, NULL),
(1022, 48, 9, 'Adreno 320', NULL, NULL),
(1023, 48, 10, 'IPS', NULL, NULL),
(1024, 48, 11, '720x1280', NULL, NULL),
(1025, 48, 12, '1', NULL, NULL),
(1026, 48, 13, '2150', NULL, NULL),
(1027, 48, 14, '5.0', NULL, NULL),
(1028, 48, 15, '1.7', NULL, NULL),
(1029, 48, 16, '2.0', NULL, NULL),
(1030, 48, 17, '1', NULL, NULL),
(1031, 48, 18, '32', NULL, NULL),
(1032, 48, 19, '2', NULL, NULL),
(1033, 48, 20, '5490000', NULL, NULL),
(1034, 48, 24, '13.0', NULL, NULL),
(1035, 48, 25, '2.0', NULL, NULL),
(1036, 48, 26, '136.3', NULL, NULL),
(1037, 48, 27, '67.7', NULL, NULL),
(1038, 48, 28, '8.8', NULL, NULL),
(1039, 48, 29, '154.0', NULL, NULL),
(1040, 49, 5, 'Samsung', NULL, NULL),
(1041, 49, 6, 'https://www.thegioididong.com/images/42/70730/samsung-galaxy-e5-400x533.png', NULL, NULL),
(1042, 49, 7, 'Android', NULL, NULL),
(1043, 49, 8, 'Qualcomm Snapdragon 410', NULL, NULL),
(1044, 49, 9, 'Adreno 306', NULL, NULL),
(1045, 49, 10, 'TFT', NULL, NULL),
(1046, 49, 11, '720x1280', NULL, NULL),
(1047, 49, 12, '2', NULL, NULL),
(1048, 49, 13, '2400', NULL, NULL),
(1049, 49, 14, '5.0', NULL, NULL),
(1050, 49, 15, '1.2', NULL, NULL),
(1051, 49, 16, '1.0', NULL, NULL),
(1052, 49, 17, '0', NULL, NULL),
(1053, 49, 18, '16', NULL, NULL),
(1054, 49, 19, '64', NULL, NULL),
(1055, 49, 20, '5490000', NULL, NULL),
(1056, 49, 24, '8.0', NULL, NULL),
(1057, 49, 25, '5.0', NULL, NULL),
(1058, 49, 26, '141.6', NULL, NULL),
(1059, 49, 27, '70.2', NULL, NULL),
(1060, 49, 28, '7.3', NULL, NULL),
(1061, 49, 29, '0.0', NULL, NULL),
(1062, 50, 5, 'Lenovo', NULL, NULL),
(1063, 50, 6, 'https://www.thegioididong.com/images/42/71129/lenovo-p70-533-400x533.png', NULL, NULL),
(1064, 50, 7, 'Android', NULL, NULL),
(1065, 50, 8, 'MTK 6752', NULL, NULL),
(1066, 50, 9, 'Mali-T760', NULL, NULL),
(1067, 50, 10, 'IPS', NULL, NULL),
(1068, 50, 11, '720x1280', NULL, NULL),
(1069, 50, 12, '2', NULL, NULL),
(1070, 50, 13, '4000', NULL, NULL),
(1071, 50, 14, '5.0', NULL, NULL),
(1072, 50, 15, '1.7', NULL, NULL),
(1073, 50, 16, '2.0', NULL, NULL),
(1074, 50, 17, '0', NULL, NULL),
(1075, 50, 18, '16', NULL, NULL),
(1076, 50, 19, '32', NULL, NULL),
(1077, 50, 20, '5390000', NULL, NULL),
(1078, 50, 24, '13.0', NULL, NULL),
(1079, 50, 25, '5.0', NULL, NULL),
(1080, 50, 26, '142.0', NULL, NULL),
(1081, 50, 27, '71.8', NULL, NULL),
(1082, 50, 28, '8.9', NULL, NULL),
(1083, 50, 29, '149.0', NULL, NULL),
(1084, 51, 5, 'Htc', NULL, NULL),
(1085, 51, 6, 'https://www.thegioididong.com/images/42/70357/htc-desire-620g-1-400x533.png', NULL, NULL),
(1086, 51, 7, 'Android', NULL, NULL),
(1087, 51, 8, 'MT6592', NULL, NULL),
(1088, 51, 9, 'Mali 450 MP', NULL, NULL),
(1089, 51, 10, 'TFT', NULL, NULL),
(1090, 51, 11, '720x1280', NULL, NULL),
(1091, 51, 12, '2', NULL, NULL),
(1092, 51, 13, '2100', NULL, NULL),
(1093, 51, 14, '5.0', NULL, NULL),
(1094, 51, 15, '1.7', NULL, NULL),
(1095, 51, 16, '1.0', NULL, NULL),
(1096, 51, 17, '0', NULL, NULL),
(1097, 51, 18, '8', NULL, NULL),
(1098, 51, 19, '32', NULL, NULL),
(1099, 51, 20, '5190000', NULL, NULL),
(1100, 51, 24, '8.0', NULL, NULL),
(1101, 51, 25, '5.0', NULL, NULL),
(1102, 51, 26, '150.1', NULL, NULL),
(1103, 51, 27, '72.7', NULL, NULL),
(1104, 51, 28, '9.6', NULL, NULL),
(1105, 51, 29, '160.0', NULL, NULL),
(1106, 52, 5, 'Nokia', NULL, NULL),
(1107, 52, 6, 'https://www.thegioididong.com/images/42/60671/nokia-lumia-1320.png', NULL, NULL),
(1108, 52, 7, 'Windows phone', NULL, NULL),
(1109, 52, 8, 'Qualcomm Snapdragon S4', NULL, NULL),
(1110, 52, 9, 'Adreno 305', NULL, NULL),
(1111, 52, 10, 'IPS', NULL, NULL),
(1112, 52, 11, '720x1280', NULL, NULL),
(1113, 52, 12, '1', NULL, NULL),
(1114, 52, 13, '3400', NULL, NULL),
(1115, 52, 14, '6.0', NULL, NULL),
(1116, 52, 15, '1.7', NULL, NULL),
(1117, 52, 16, '1.0', NULL, NULL),
(1118, 52, 17, '0', NULL, NULL),
(1119, 52, 18, '8', NULL, NULL),
(1120, 52, 19, '64', NULL, NULL),
(1121, 52, 20, '4990000', NULL, NULL),
(1122, 52, 24, '5.0', NULL, NULL),
(1123, 52, 25, '0.3', NULL, NULL),
(1124, 52, 26, '164.2', NULL, NULL),
(1125, 52, 27, '85.9', NULL, NULL),
(1126, 52, 28, '9.8', NULL, NULL),
(1127, 52, 29, '220.0', NULL, NULL),
(1128, 53, 5, 'Oppo', NULL, NULL),
(1129, 53, 6, 'https://www.thegioididong.com/images/42/61086/oppo-find-5-mini-r827.png', NULL, NULL),
(1130, 53, 7, 'Android', NULL, NULL),
(1131, 53, 8, 'ARM 7', NULL, NULL),
(1132, 53, 9, 'Mali-400MP', NULL, NULL),
(1133, 53, 10, 'IPS', NULL, NULL),
(1134, 53, 11, '540x960', NULL, NULL),
(1135, 53, 12, '2', NULL, NULL),
(1136, 53, 13, '2000', NULL, NULL),
(1137, 53, 14, '4.7', NULL, NULL),
(1138, 53, 15, '1.3', NULL, NULL),
(1139, 53, 16, '1.0', NULL, NULL),
(1140, 53, 17, '0', NULL, NULL),
(1141, 53, 18, '4', NULL, NULL),
(1142, 53, 19, '32', NULL, NULL),
(1143, 53, 20, '4990000', NULL, NULL),
(1144, 53, 24, '8.0', NULL, NULL),
(1145, 53, 25, '2.0', NULL, NULL),
(1146, 53, 26, '137.0', NULL, NULL),
(1147, 53, 27, '68.0', NULL, NULL),
(1148, 53, 28, '7.7', NULL, NULL),
(1149, 53, 29, '128.0', NULL, NULL),
(1150, 54, 5, 'Samsung', NULL, NULL),
(1151, 54, 6, 'https://www.thegioididong.com/images/42/69824/samsung-galaxy-grand-prime-g530-1-400x533.png', NULL, NULL),
(1152, 54, 7, 'Android', NULL, NULL),
(1153, 54, 8, 'Qualcomm Snapdragon 410', NULL, NULL),
(1154, 54, 9, 'Adreno 306', NULL, NULL),
(1155, 54, 10, 'TFT', NULL, NULL),
(1156, 54, 11, '540x960', NULL, NULL),
(1157, 54, 12, '2', NULL, NULL),
(1158, 54, 13, '2600', NULL, NULL),
(1159, 54, 14, '5.0', NULL, NULL),
(1160, 54, 15, '1.2', NULL, NULL),
(1161, 54, 16, '1.0', NULL, NULL),
(1162, 54, 17, '0', NULL, NULL),
(1163, 54, 18, '8', NULL, NULL),
(1164, 54, 19, '64', NULL, NULL),
(1165, 54, 20, '4990000', NULL, NULL),
(1166, 54, 24, '8.0', NULL, NULL),
(1167, 54, 25, '5.0', NULL, NULL),
(1168, 54, 26, '144.8', NULL, NULL),
(1169, 54, 27, '72.1', NULL, NULL),
(1170, 54, 28, '8.6', NULL, NULL),
(1171, 54, 29, '156.0', NULL, NULL),
(1172, 55, 5, 'Nokia', NULL, NULL),
(1173, 55, 6, 'https://www.thegioididong.com/images/42/69723/nokia-lumia-730-dual-sim.png', NULL, NULL),
(1174, 55, 7, 'Windows phone', NULL, NULL),
(1175, 55, 8, 'Qualcomm Snapdragon 400', NULL, NULL),
(1176, 55, 9, 'Adreno 305', NULL, NULL),
(1177, 55, 10, 'TFT', NULL, NULL),
(1178, 55, 11, '720x1280', NULL, NULL),
(1179, 55, 12, '2', NULL, NULL),
(1180, 55, 13, '2220', NULL, NULL),
(1181, 55, 14, '4.7', NULL, NULL),
(1182, 55, 15, '1.2', NULL, NULL),
(1183, 55, 16, '1.0', NULL, NULL),
(1184, 55, 17, '1', NULL, NULL),
(1185, 55, 18, '8', NULL, NULL),
(1186, 55, 19, '128', NULL, NULL),
(1187, 55, 20, '4690000', NULL, NULL),
(1188, 55, 24, '6.7', NULL, NULL),
(1189, 55, 25, '5.0', NULL, NULL),
(1190, 55, 26, '134.7', NULL, NULL),
(1191, 55, 27, '68.5', NULL, NULL),
(1192, 55, 28, '8.9', NULL, NULL),
(1193, 55, 29, '134.0', NULL, NULL),
(1194, 56, 5, 'Oppo', NULL, NULL),
(1195, 56, 6, 'https://www.thegioididong.com/images/42/67985/oppo-yoyo-r2001.png', NULL, NULL),
(1196, 56, 7, 'Android', NULL, NULL),
(1197, 56, 8, 'MTK 6582M', NULL, NULL),
(1198, 56, 9, 'Mali-400MP', NULL, NULL),
(1199, 56, 10, 'IPS', NULL, NULL),
(1200, 56, 11, '540x960', NULL, NULL),
(1201, 56, 12, '2', NULL, NULL),
(1202, 56, 13, '1900', NULL, NULL),
(1203, 56, 14, '4.7', NULL, NULL),
(1204, 56, 15, '1.3', NULL, NULL),
(1205, 56, 16, '1.0', NULL, NULL),
(1206, 56, 17, '0', NULL, NULL),
(1207, 56, 18, '4', NULL, NULL),
(1208, 56, 19, '32', NULL, NULL),
(1209, 56, 20, '4290000', NULL, NULL),
(1210, 56, 24, '5.0', NULL, NULL),
(1211, 56, 25, '2.0', NULL, NULL),
(1212, 56, 26, '138.5', NULL, NULL),
(1213, 56, 27, '69.5', NULL, NULL),
(1214, 56, 28, '9.2', NULL, NULL),
(1215, 56, 29, '145.0', NULL, NULL),
(1216, 57, 5, 'Htc', NULL, NULL),
(1217, 57, 6, 'https://www.thegioididong.com/images/42/69021/htc-desire-616-1-400x533.png', NULL, NULL),
(1218, 57, 7, 'Android', NULL, NULL),
(1219, 57, 8, 'MT6592', NULL, NULL),
(1220, 57, 9, 'Mali 450 MP4', NULL, NULL),
(1221, 57, 10, 'IPS', NULL, NULL),
(1222, 57, 11, '720x1280', NULL, NULL),
(1223, 57, 12, '2', NULL, NULL),
(1224, 57, 13, '2000', NULL, NULL),
(1225, 57, 14, '5.0', NULL, NULL),
(1226, 57, 15, '1.4', NULL, NULL),
(1227, 57, 16, '1.0', NULL, NULL),
(1228, 57, 17, '0', NULL, NULL),
(1229, 57, 18, '4', NULL, NULL),
(1230, 57, 19, '32', NULL, NULL),
(1231, 57, 20, '4290000', NULL, NULL),
(1232, 57, 24, '8.0', NULL, NULL),
(1233, 57, 25, '2.0', NULL, NULL),
(1234, 57, 26, '142.0', NULL, NULL),
(1235, 57, 27, '71.9', NULL, NULL),
(1236, 57, 28, '9.2', NULL, NULL),
(1237, 57, 29, '150.0', NULL, NULL),
(1238, 58, 5, 'Asus', NULL, NULL),
(1239, 58, 6, 'https://www.thegioididong.com/images/42/68097/asus-zenfone-5-icon.png', NULL, NULL),
(1240, 58, 7, 'Android', NULL, NULL),
(1241, 58, 8, 'Intel Atom Z2560', NULL, NULL),
(1242, 58, 9, 'PowerVR SGX544', NULL, NULL),
(1243, 58, 10, 'IPS', NULL, NULL),
(1244, 58, 11, '720x1280', NULL, NULL),
(1245, 58, 12, '2', NULL, NULL),
(1246, 58, 13, '2110', NULL, NULL),
(1247, 58, 14, '5.0', NULL, NULL),
(1248, 58, 15, '1.6', NULL, NULL),
(1249, 58, 16, '2.0', NULL, NULL),
(1250, 58, 17, '0', NULL, NULL),
(1251, 58, 18, '8', NULL, NULL),
(1252, 58, 19, '64', NULL, NULL),
(1253, 58, 20, '3990000', NULL, NULL),
(1254, 58, 24, '8.0', NULL, NULL),
(1255, 58, 25, '2.0', NULL, NULL),
(1256, 58, 26, '148.2', NULL, NULL),
(1257, 58, 27, '72.8', NULL, NULL),
(1258, 58, 28, '10.3', NULL, NULL),
(1259, 58, 29, '145.0', NULL, NULL),
(1260, 59, 5, 'Lg', NULL, NULL),
(1261, 59, 6, 'https://www.thegioididong.com/images/42/68635/lg-l80-dual.png', NULL, NULL),
(1262, 59, 7, 'Android', NULL, NULL),
(1263, 59, 8, 'Qualcomm Snapdragon 200', NULL, NULL),
(1264, 59, 9, 'Adreno 302', NULL, NULL),
(1265, 59, 10, 'IPS', NULL, NULL),
(1266, 59, 11, '480x800', NULL, NULL),
(1267, 59, 12, '2', NULL, NULL),
(1268, 59, 13, '2540', NULL, NULL),
(1269, 59, 14, '5.0', NULL, NULL),
(1270, 59, 15, '1.2', NULL, NULL),
(1271, 59, 16, '1.0', NULL, NULL),
(1272, 59, 17, '0', NULL, NULL),
(1273, 59, 18, '4', NULL, NULL),
(1274, 59, 19, '32', NULL, NULL),
(1275, 59, 20, '3790000', NULL, NULL),
(1276, 59, 24, '5.0', NULL, NULL),
(1277, 59, 25, '0.3', NULL, NULL),
(1278, 59, 26, '139.24', NULL, NULL),
(1279, 59, 27, '73.18', NULL, NULL),
(1280, 59, 28, '9.7', NULL, NULL),
(1281, 59, 29, '133.0', NULL, NULL),
(1282, 61, 1, 'OK', NULL, NULL),
(1283, 61, 5, 'Apple', NULL, NULL),
(1284, 61, 6, 'https://www.thegioididong.com/images/42/70260/iphone-6-plus-128gb.png', NULL, NULL),
(1285, 61, 7, 'iOS', NULL, NULL),
(1286, 61, 8, 'Apple A8', NULL, NULL),
(1287, 61, 9, 'PowerVR GX6450', NULL, NULL),
(1288, 61, 10, 'IPS', NULL, NULL),
(1289, 61, 11, '1080x1920', NULL, NULL),
(1290, 61, 12, '1', NULL, NULL),
(1291, 61, 13, '2915', NULL, NULL),
(1292, 61, 14, '5.5', NULL, NULL),
(1293, 61, 15, '1.4', NULL, NULL),
(1294, 61, 16, '1.0', NULL, NULL),
(1295, 61, 17, '1', NULL, NULL),
(1296, 61, 18, '128', NULL, NULL),
(1297, 61, 19, '0', NULL, NULL),
(1298, 61, 20, '25590000', NULL, NULL),
(1299, 61, 24, '8.0', NULL, NULL),
(1300, 61, 25, '1.2', NULL, NULL),
(1301, 61, 26, '158.1', NULL, NULL),
(1302, 61, 27, '77.88', NULL, NULL),
(1303, 61, 28, '7.1', NULL, NULL),
(1304, 61, 29, '172.0', NULL, NULL),
(1305, 62, 1, 'OK', NULL, NULL),
(1306, 62, 5, 'Apple', NULL, NULL),
(1307, 62, 6, 'https://www.thegioididong.com/images/42/70257/iphone-6-128gb.png', NULL, NULL),
(1308, 62, 7, 'iOS', NULL, NULL),
(1309, 62, 8, 'Apple A8', NULL, NULL),
(1310, 62, 9, 'PowerVR GX6450', NULL, NULL),
(1311, 62, 10, 'IPS', NULL, NULL),
(1312, 62, 11, '750x1334', NULL, NULL),
(1313, 62, 12, '1', NULL, NULL),
(1314, 62, 13, '1810', NULL, NULL),
(1315, 62, 14, '4.7', NULL, NULL),
(1316, 62, 15, '1.4', NULL, NULL),
(1317, 62, 16, '1.0', NULL, NULL),
(1318, 62, 17, '1', NULL, NULL),
(1319, 62, 18, '128', NULL, NULL),
(1320, 62, 19, '0', NULL, NULL),
(1321, 62, 20, '22990000', NULL, NULL),
(1322, 62, 24, '8.0', NULL, NULL),
(1323, 62, 25, '1.2', NULL, NULL),
(1324, 62, 26, '138.1', NULL, NULL),
(1325, 62, 27, '67.0', NULL, NULL),
(1326, 62, 28, '6.9', NULL, NULL),
(1327, 62, 29, '124.0', NULL, NULL),
(1328, 63, 1, 'OK', NULL, NULL),
(1329, 63, 5, 'Apple', NULL, NULL),
(1330, 63, 6, 'https://www.thegioididong.com/images/42/70259/iphone-6-plus-64gb-128gb-copy.png', NULL, NULL),
(1331, 63, 7, 'iOS', NULL, NULL),
(1332, 63, 8, 'Apple A8', NULL, NULL),
(1333, 63, 9, 'PowerVR GX6450', NULL, NULL),
(1334, 63, 10, 'IPS', NULL, NULL),
(1335, 63, 11, '1080x1920', NULL, NULL),
(1336, 63, 12, '1', NULL, NULL),
(1337, 63, 13, '2915', NULL, NULL),
(1338, 63, 14, '5.5', NULL, NULL),
(1339, 63, 15, '1.4', NULL, NULL),
(1340, 63, 16, '1.0', NULL, NULL),
(1341, 63, 17, '1', NULL, NULL),
(1342, 63, 18, '64', NULL, NULL),
(1343, 63, 19, '0', NULL, NULL),
(1344, 63, 20, '22990000', NULL, NULL),
(1345, 63, 24, '8.0', NULL, NULL),
(1346, 63, 25, '1.2', NULL, NULL),
(1347, 63, 26, '158.1', NULL, NULL),
(1348, 63, 27, '77.8', NULL, NULL),
(1349, 63, 28, '7.1', NULL, NULL),
(1350, 63, 29, '172.0', NULL, NULL),
(1351, 64, 1, 'OK', NULL, NULL),
(1352, 64, 5, 'Samsung', NULL, NULL),
(1353, 64, 6, 'https://www.thegioididong.com/images/42/69704/samsung-galaxy-note-edge.png', NULL, NULL),
(1354, 64, 7, 'Android', NULL, NULL),
(1355, 64, 8, 'Qualcomm Snapdragon 805', NULL, NULL),
(1356, 64, 9, 'Adreno 420', NULL, NULL),
(1357, 64, 10, 'TFT', NULL, NULL),
(1358, 64, 11, '1440x2560', NULL, NULL),
(1359, 64, 12, '1', NULL, NULL),
(1360, 64, 13, '3000', NULL, NULL),
(1361, 64, 14, '5.6', NULL, NULL),
(1362, 64, 15, '2.7', NULL, NULL);
INSERT INTO `values` (`id`, `item_id`, `attr_id`, `value`, `created_at`, `updated_at`) VALUES
(1363, 64, 16, '3.0', NULL, NULL),
(1364, 64, 17, '1', NULL, NULL),
(1365, 64, 18, '32', NULL, NULL),
(1366, 64, 19, '128', NULL, NULL),
(1367, 64, 20, '20990000', NULL, NULL),
(1368, 64, 24, '16.0', NULL, NULL),
(1369, 64, 25, '3.7', NULL, NULL),
(1370, 64, 26, '151.3', NULL, NULL),
(1371, 64, 27, '82.4', NULL, NULL),
(1372, 64, 28, '8.3', NULL, NULL),
(1373, 64, 29, '174.0', NULL, NULL),
(1374, 65, 1, 'OK', NULL, NULL),
(1375, 65, 5, 'Apple', NULL, NULL),
(1376, 65, 6, 'https://www.thegioididong.com/images/42/69783/iphone-6-plus-16gb-99.png', NULL, NULL),
(1377, 65, 7, 'iOS', NULL, NULL),
(1378, 65, 8, 'Apple A8', NULL, NULL),
(1379, 65, 9, 'PowerVR GX6450', NULL, NULL),
(1380, 65, 10, 'IPS', NULL, NULL),
(1381, 65, 11, '1080x1920', NULL, NULL),
(1382, 65, 12, '1', NULL, NULL),
(1383, 65, 13, '2915', NULL, NULL),
(1384, 65, 14, '5.5', NULL, NULL),
(1385, 65, 15, '1.4', NULL, NULL),
(1386, 65, 16, '1.0', NULL, NULL),
(1387, 65, 17, '1', NULL, NULL),
(1388, 65, 18, '16', NULL, NULL),
(1389, 65, 19, '0', NULL, NULL),
(1390, 65, 20, '20390000', NULL, NULL),
(1391, 65, 24, '8.0', NULL, NULL),
(1392, 65, 25, '1.2', NULL, NULL),
(1393, 65, 26, '158.1', NULL, NULL),
(1394, 65, 27, '77.8', NULL, NULL),
(1395, 65, 28, '7.1', NULL, NULL),
(1396, 65, 29, '172.0', NULL, NULL),
(1397, 66, 1, 'OK', NULL, NULL),
(1398, 66, 5, 'Apple', NULL, NULL),
(1399, 66, 6, 'https://www.thegioididong.com/images/42/70258/iphone-6-64gb.png', NULL, NULL),
(1400, 66, 7, 'iOS', NULL, NULL),
(1401, 66, 8, 'Apple A8', NULL, NULL),
(1402, 66, 9, 'PowerVR GX6450', NULL, NULL),
(1403, 66, 10, 'IPS', NULL, NULL),
(1404, 66, 11, '750x1334', NULL, NULL),
(1405, 66, 12, '1', NULL, NULL),
(1406, 66, 13, '1810', NULL, NULL),
(1407, 66, 14, '4.7', NULL, NULL),
(1408, 66, 15, '1.4', NULL, NULL),
(1409, 66, 16, '1.0', NULL, NULL),
(1410, 66, 17, '1', NULL, NULL),
(1411, 66, 18, '64', NULL, NULL),
(1412, 66, 19, '0', NULL, NULL),
(1413, 66, 20, '20390000', NULL, NULL),
(1414, 66, 24, '8.0', NULL, NULL),
(1415, 66, 25, '1.2', NULL, NULL),
(1416, 66, 26, '138.1', NULL, NULL),
(1417, 66, 27, '67.0', NULL, NULL),
(1418, 66, 28, '6.9', NULL, NULL),
(1419, 66, 29, '129.0', NULL, NULL),
(1420, 67, 1, 'OK', NULL, NULL),
(1421, 67, 5, 'Samsung', NULL, NULL),
(1422, 67, 6, 'https://www.thegioididong.com/images/42/68096/samsung-galaxy-note-4-icon-1.png', NULL, NULL),
(1423, 67, 7, 'Android', NULL, NULL),
(1424, 67, 8, 'Exynos 5433', NULL, NULL),
(1425, 67, 9, 'Mali-T760', NULL, NULL),
(1426, 67, 10, 'TFT', NULL, NULL),
(1427, 67, 11, '1440x2560', NULL, NULL),
(1428, 67, 12, '1', NULL, NULL),
(1429, 67, 13, '3220', NULL, NULL),
(1430, 67, 14, '5.7', NULL, NULL),
(1431, 67, 15, '1.3', NULL, NULL),
(1432, 67, 16, '3.0', NULL, NULL),
(1433, 67, 17, '1', NULL, NULL),
(1434, 67, 18, '32', NULL, NULL),
(1435, 67, 19, '128', NULL, NULL),
(1436, 67, 20, '17990000', NULL, NULL),
(1437, 67, 24, '16.0', NULL, NULL),
(1438, 67, 25, '3.7', NULL, NULL),
(1439, 67, 26, '153.5', NULL, NULL),
(1440, 67, 27, '78.6', NULL, NULL),
(1441, 67, 28, '8.5', NULL, NULL),
(1442, 67, 29, '176.0', NULL, NULL),
(1443, 68, 1, 'OK', NULL, NULL),
(1444, 68, 5, 'Apple', NULL, NULL),
(1445, 68, 6, 'https://www.thegioididong.com/images/42/60831/iphone-6-1.png', NULL, NULL),
(1446, 68, 7, 'iOS', NULL, NULL),
(1447, 68, 8, 'Apple A8', NULL, NULL),
(1448, 68, 9, 'PowerVR GX6450', NULL, NULL),
(1449, 68, 10, 'IPS', NULL, NULL),
(1450, 68, 11, '750x1334', NULL, NULL),
(1451, 68, 12, '1', NULL, NULL),
(1452, 68, 13, '1810', NULL, NULL),
(1453, 68, 14, '4.7', NULL, NULL),
(1454, 68, 15, '1.4', NULL, NULL),
(1455, 68, 16, '1.0', NULL, NULL),
(1456, 68, 17, '1', NULL, NULL),
(1457, 68, 18, '16', NULL, NULL),
(1458, 68, 19, '0', NULL, NULL),
(1459, 68, 20, '17790000', NULL, NULL),
(1460, 68, 24, '8.0', NULL, NULL),
(1461, 68, 25, '1.2', NULL, NULL),
(1462, 68, 26, '138.1', NULL, NULL),
(1463, 68, 27, '67.0', NULL, NULL),
(1464, 68, 28, '6.9', NULL, NULL),
(1465, 68, 29, '124.0', NULL, NULL),
(1466, 69, 1, 'OK', NULL, NULL),
(1467, 69, 5, 'Sony', NULL, NULL),
(1468, 69, 6, 'https://www.thegioididong.com/images/42/69698/sony-xperia-z3-png.png', NULL, NULL),
(1469, 69, 7, 'Android', NULL, NULL),
(1470, 69, 8, 'Qualcomm Snapdragon 801', NULL, NULL),
(1471, 69, 9, 'Adreno 330', NULL, NULL),
(1472, 69, 10, 'IPS', NULL, NULL),
(1473, 69, 11, '1080x1920', NULL, NULL),
(1474, 69, 12, '1', NULL, NULL),
(1475, 69, 13, '3100', NULL, NULL),
(1476, 69, 14, '5.2', NULL, NULL),
(1477, 69, 15, '2.5', NULL, NULL),
(1478, 69, 16, '3.0', NULL, NULL),
(1479, 69, 17, '1', NULL, NULL),
(1480, 69, 18, '16', NULL, NULL),
(1481, 69, 19, '128', NULL, NULL),
(1482, 69, 20, '14990000', NULL, NULL),
(1483, 69, 24, '20.7', NULL, NULL),
(1484, 69, 25, '2.2', NULL, NULL),
(1485, 69, 26, '146.8', NULL, NULL),
(1486, 69, 27, '73.3', NULL, NULL),
(1487, 69, 28, '7.3', NULL, NULL),
(1488, 69, 29, '153.0', NULL, NULL),
(1489, 70, 1, 'OK', NULL, NULL),
(1490, 70, 5, 'Apple', NULL, NULL),
(1491, 70, 6, 'https://www.thegioididong.com/images/42/60546/iphone-5s-16gb-1-400x533.png', NULL, NULL),
(1492, 70, 7, 'iOS', NULL, NULL),
(1493, 70, 8, 'Apple A7', NULL, NULL),
(1494, 70, 9, 'PowerVR G6430', NULL, NULL),
(1495, 70, 10, 'IPS', NULL, NULL),
(1496, 70, 11, '640x1136', NULL, NULL),
(1497, 70, 12, '1', NULL, NULL),
(1498, 70, 13, '1560', NULL, NULL),
(1499, 70, 14, '4.0', NULL, NULL),
(1500, 70, 15, '1.3', NULL, NULL),
(1501, 71, 5, 'Apple', NULL, NULL),
(1502, 71, 6, 'https://www.thegioididong.com/images/42/70260/iphone-6-plus-128gb.png', NULL, NULL),
(1503, 71, 7, 'iOS', NULL, NULL),
(1504, 71, 8, 'Apple A8', NULL, NULL),
(1505, 71, 9, 'PowerVR GX6450', NULL, NULL),
(1506, 71, 10, 'IPS', NULL, NULL),
(1507, 71, 11, '1080x1920', NULL, NULL),
(1508, 71, 12, '1', NULL, NULL),
(1509, 71, 13, '2915', NULL, NULL),
(1510, 71, 14, '5.5', NULL, NULL),
(1511, 71, 15, '1.4', NULL, NULL),
(1512, 71, 16, '1.0', NULL, NULL),
(1513, 71, 17, '1', NULL, NULL),
(1514, 71, 18, '128', NULL, NULL),
(1515, 71, 19, '0', NULL, NULL),
(1516, 71, 20, '25590000', NULL, NULL),
(1517, 71, 24, '8.0', NULL, NULL),
(1518, 71, 25, '1.2', NULL, NULL),
(1519, 71, 26, '158.1', NULL, NULL),
(1520, 71, 27, '77.88', NULL, NULL),
(1521, 71, 28, '7.1', NULL, NULL),
(1522, 71, 29, '172.0', NULL, NULL),
(1523, 72, 5, 'Apple', NULL, NULL),
(1524, 72, 6, 'https://www.thegioididong.com/images/42/70257/iphone-6-128gb.png', NULL, NULL),
(1525, 72, 7, 'iOS', NULL, NULL),
(1526, 72, 8, 'Apple A8', NULL, NULL),
(1527, 72, 9, 'PowerVR GX6450', NULL, NULL),
(1528, 72, 10, 'IPS', NULL, NULL),
(1529, 72, 11, '750x1334', NULL, NULL),
(1530, 72, 12, '1', NULL, NULL),
(1531, 72, 13, '1810', NULL, NULL),
(1532, 72, 14, '4.7', NULL, NULL),
(1533, 72, 15, '1.4', NULL, NULL),
(1534, 72, 16, '1.0', NULL, NULL),
(1535, 72, 17, '1', NULL, NULL),
(1536, 72, 18, '128', NULL, NULL),
(1537, 72, 19, '0', NULL, NULL),
(1538, 72, 20, '22990000', NULL, NULL),
(1539, 72, 24, '8.0', NULL, NULL),
(1540, 72, 25, '1.2', NULL, NULL),
(1541, 72, 26, '138.1', NULL, NULL),
(1542, 72, 27, '67.0', NULL, NULL),
(1543, 72, 28, '6.9', NULL, NULL),
(1544, 72, 29, '124.0', NULL, NULL),
(1545, 73, 5, 'Apple', NULL, NULL),
(1546, 73, 6, 'https://www.thegioididong.com/images/42/70259/iphone-6-plus-64gb-128gb-copy.png', NULL, NULL),
(1547, 73, 7, 'iOS', NULL, NULL),
(1548, 73, 8, 'Apple A8', NULL, NULL),
(1549, 73, 9, 'PowerVR GX6450', NULL, NULL),
(1550, 73, 10, 'IPS', NULL, NULL),
(1551, 73, 11, '1080x1920', NULL, NULL),
(1552, 73, 12, '1', NULL, NULL),
(1553, 73, 13, '2915', NULL, NULL),
(1554, 73, 14, '5.5', NULL, NULL),
(1555, 73, 15, '1.4', NULL, NULL),
(1556, 73, 16, '1.0', NULL, NULL),
(1557, 73, 17, '1', NULL, NULL),
(1558, 73, 18, '64', NULL, NULL),
(1559, 73, 19, '0', NULL, NULL),
(1560, 73, 20, '22990000', NULL, NULL),
(1561, 73, 24, '8.0', NULL, NULL),
(1562, 73, 25, '1.2', NULL, NULL),
(1563, 73, 26, '158.1', NULL, NULL),
(1564, 73, 27, '77.8', NULL, NULL),
(1565, 73, 28, '7.1', NULL, NULL),
(1566, 73, 29, '172.0', NULL, NULL),
(1567, 74, 5, 'Samsung', NULL, NULL),
(1568, 74, 6, 'https://www.thegioididong.com/images/42/69704/samsung-galaxy-note-edge.png', NULL, NULL),
(1569, 74, 7, 'Android', NULL, NULL),
(1570, 74, 8, 'Qualcomm Snapdragon 805', NULL, NULL),
(1571, 74, 9, 'Adreno 420', NULL, NULL),
(1572, 74, 10, 'TFT', NULL, NULL),
(1573, 74, 11, '1440x2560', NULL, NULL),
(1574, 74, 12, '1', NULL, NULL),
(1575, 74, 13, '3000', NULL, NULL),
(1576, 74, 14, '5.6', NULL, NULL),
(1577, 74, 15, '2.7', NULL, NULL),
(1578, 74, 16, '3.0', NULL, NULL),
(1579, 74, 17, '1', NULL, NULL),
(1580, 74, 18, '32', NULL, NULL),
(1581, 74, 19, '128', NULL, NULL),
(1582, 74, 20, '20990000', NULL, NULL),
(1583, 74, 24, '16.0', NULL, NULL),
(1584, 74, 25, '3.7', NULL, NULL),
(1585, 74, 26, '151.3', NULL, NULL),
(1586, 74, 27, '82.4', NULL, NULL),
(1587, 74, 28, '8.3', NULL, NULL),
(1588, 74, 29, '174.0', NULL, NULL),
(1589, 75, 5, 'Apple', NULL, NULL),
(1590, 75, 6, 'https://www.thegioididong.com/images/42/69783/iphone-6-plus-16gb-99.png', NULL, NULL),
(1591, 75, 7, 'iOS', NULL, NULL),
(1592, 75, 8, 'Apple A8', NULL, NULL),
(1593, 75, 9, 'PowerVR GX6450', NULL, NULL),
(1594, 75, 10, 'IPS', NULL, NULL),
(1595, 75, 11, '1080x1920', NULL, NULL),
(1596, 75, 12, '1', NULL, NULL),
(1597, 75, 13, '2915', NULL, NULL),
(1598, 75, 14, '5.5', NULL, NULL),
(1599, 75, 15, '1.4', NULL, NULL),
(1600, 75, 16, '1.0', NULL, NULL),
(1601, 75, 17, '1', NULL, NULL),
(1602, 75, 18, '16', NULL, NULL),
(1603, 75, 19, '0', NULL, NULL),
(1604, 75, 20, '20390000', NULL, NULL),
(1605, 75, 24, '8.0', NULL, NULL),
(1606, 75, 25, '1.2', NULL, NULL),
(1607, 75, 26, '158.1', NULL, NULL),
(1608, 75, 27, '77.8', NULL, NULL),
(1609, 75, 28, '7.1', NULL, NULL),
(1610, 75, 29, '172.0', NULL, NULL),
(1611, 76, 5, 'Apple', NULL, NULL),
(1612, 76, 6, 'https://www.thegioididong.com/images/42/70258/iphone-6-64gb.png', NULL, NULL),
(1613, 76, 7, 'iOS', NULL, NULL),
(1614, 76, 8, 'Apple A8', NULL, NULL),
(1615, 76, 9, 'PowerVR GX6450', NULL, NULL),
(1616, 76, 10, 'IPS', NULL, NULL),
(1617, 76, 11, '750x1334', NULL, NULL),
(1618, 76, 12, '1', NULL, NULL),
(1619, 76, 13, '1810', NULL, NULL),
(1620, 76, 14, '4.7', NULL, NULL),
(1621, 76, 15, '1.4', NULL, NULL),
(1622, 76, 16, '1.0', NULL, NULL),
(1623, 76, 17, '1', NULL, NULL),
(1624, 76, 18, '64', NULL, NULL),
(1625, 76, 19, '0', NULL, NULL),
(1626, 76, 20, '20390000', NULL, NULL),
(1627, 76, 24, '8.0', NULL, NULL),
(1628, 76, 25, '1.2', NULL, NULL),
(1629, 76, 26, '138.1', NULL, NULL),
(1630, 76, 27, '67.0', NULL, NULL),
(1631, 76, 28, '6.9', NULL, NULL),
(1632, 76, 29, '129.0', NULL, NULL),
(1633, 77, 5, 'Samsung', NULL, NULL),
(1634, 77, 6, 'https://www.thegioididong.com/images/42/68096/samsung-galaxy-note-4-icon-1.png', NULL, NULL),
(1635, 77, 7, 'Android', NULL, NULL),
(1636, 77, 8, 'Exynos 5433', NULL, NULL),
(1637, 77, 9, 'Mali-T760', NULL, NULL),
(1638, 77, 10, 'TFT', NULL, NULL),
(1639, 77, 11, '1440x2560', NULL, NULL),
(1640, 77, 12, '1', NULL, NULL),
(1641, 77, 13, '3220', NULL, NULL),
(1642, 77, 14, '5.7', NULL, NULL),
(1643, 77, 15, '1.3', NULL, NULL),
(1644, 77, 16, '3.0', NULL, NULL),
(1645, 77, 17, '1', NULL, NULL),
(1646, 77, 18, '32', NULL, NULL),
(1647, 77, 19, '128', NULL, NULL),
(1648, 77, 20, '17990000', NULL, NULL),
(1649, 77, 24, '16.0', NULL, NULL),
(1650, 77, 25, '3.7', NULL, NULL),
(1651, 77, 26, '153.5', NULL, NULL),
(1652, 77, 27, '78.6', NULL, NULL),
(1653, 77, 28, '8.5', NULL, NULL),
(1654, 77, 29, '176.0', NULL, NULL),
(1655, 78, 5, 'Apple', NULL, NULL),
(1656, 78, 6, 'https://www.thegioididong.com/images/42/60831/iphone-6-1.png', NULL, NULL),
(1657, 78, 7, 'iOS', NULL, NULL),
(1658, 78, 8, 'Apple A8', NULL, NULL),
(1659, 78, 9, 'PowerVR GX6450', NULL, NULL),
(1660, 78, 10, 'IPS', NULL, NULL),
(1661, 78, 11, '750x1334', NULL, NULL),
(1662, 78, 12, '1', NULL, NULL),
(1663, 78, 13, '1810', NULL, NULL),
(1664, 78, 14, '4.7', NULL, NULL),
(1665, 78, 15, '1.4', NULL, NULL),
(1666, 78, 16, '1.0', NULL, NULL),
(1667, 78, 17, '1', NULL, NULL),
(1668, 78, 18, '16', NULL, NULL),
(1669, 78, 19, '0', NULL, NULL),
(1670, 78, 20, '17790000', NULL, NULL),
(1671, 78, 24, '8.0', NULL, NULL),
(1672, 78, 25, '1.2', NULL, NULL),
(1673, 78, 26, '138.1', NULL, NULL),
(1674, 78, 27, '67.0', NULL, NULL),
(1675, 78, 28, '6.9', NULL, NULL),
(1676, 78, 29, '124.0', NULL, NULL),
(1677, 79, 5, 'Sony', NULL, NULL),
(1678, 79, 6, 'https://www.thegioididong.com/images/42/69698/sony-xperia-z3-png.png', NULL, NULL),
(1679, 79, 7, 'Android', NULL, NULL),
(1680, 79, 8, 'Qualcomm Snapdragon 801', NULL, NULL),
(1681, 79, 9, 'Adreno 330', NULL, NULL),
(1682, 79, 10, 'IPS', NULL, NULL),
(1683, 79, 11, '1080x1920', NULL, NULL),
(1684, 79, 12, '1', NULL, NULL),
(1685, 79, 13, '3100', NULL, NULL),
(1686, 79, 14, '5.2', NULL, NULL),
(1687, 79, 15, '2.5', NULL, NULL),
(1688, 79, 16, '3.0', NULL, NULL),
(1689, 79, 17, '1', NULL, NULL),
(1690, 79, 18, '16', NULL, NULL),
(1691, 79, 19, '128', NULL, NULL),
(1692, 79, 20, '14990000', NULL, NULL),
(1693, 79, 24, '20.7', NULL, NULL),
(1694, 79, 25, '2.2', NULL, NULL),
(1695, 79, 26, '146.8', NULL, NULL),
(1696, 79, 27, '73.3', NULL, NULL),
(1697, 79, 28, '7.3', NULL, NULL),
(1698, 79, 29, '153.0', NULL, NULL),
(1699, 80, 5, 'Apple', NULL, NULL),
(1700, 80, 6, 'https://www.thegioididong.com/images/42/60546/iphone-5s-16gb-1-400x533.png', NULL, NULL),
(1701, 80, 7, 'iOS', NULL, NULL),
(1702, 80, 8, 'Apple A7', NULL, NULL),
(1703, 80, 9, 'PowerVR G6430', NULL, NULL),
(1704, 80, 10, 'IPS', NULL, NULL),
(1705, 80, 11, '640x1136', NULL, NULL),
(1706, 80, 12, '1', NULL, NULL),
(1707, 80, 13, '1560', NULL, NULL),
(1708, 80, 14, '4.0', NULL, NULL),
(1709, 80, 15, '1.3', NULL, NULL),
(1710, 80, 16, '1.0', NULL, NULL),
(1711, 80, 17, '0', NULL, NULL),
(1712, 80, 18, '16', NULL, NULL),
(1713, 80, 19, '0', NULL, NULL),
(1714, 80, 20, '13990000', NULL, NULL),
(1715, 80, 24, '8.0', NULL, NULL),
(1716, 80, 25, '1.2', NULL, NULL),
(1717, 80, 26, '123.8', NULL, NULL),
(1718, 80, 27, '58.6', NULL, NULL),
(1719, 80, 28, '7.6', NULL, NULL),
(1720, 80, 29, '112.0', NULL, NULL),
(1721, 81, 5, 'Htc', NULL, NULL),
(1722, 81, 6, 'https://www.thegioididong.com/images/42/70104/htc-desire-eye-icon.png', NULL, NULL),
(1723, 81, 7, 'Android', NULL, NULL),
(1724, 81, 8, 'Qualcomm Snapdragon 801', NULL, NULL),
(1725, 81, 9, 'Adreno 330', NULL, NULL),
(1726, 81, 10, 'IPS', NULL, NULL),
(1727, 81, 11, '1080x1920', NULL, NULL),
(1728, 81, 12, '1', NULL, NULL),
(1729, 81, 13, '2400', NULL, NULL),
(1730, 81, 14, '5.2', NULL, NULL),
(1731, 81, 15, '2.26', NULL, NULL),
(1732, 81, 16, '2.0', NULL, NULL),
(1733, 81, 17, '1', NULL, NULL),
(1734, 81, 18, '16', NULL, NULL),
(1735, 81, 19, '128', NULL, NULL),
(1736, 81, 20, '12490000', NULL, NULL),
(1737, 81, 24, '13.0', NULL, NULL),
(1738, 81, 25, '13.0', NULL, NULL),
(1739, 81, 26, '151.7', NULL, NULL),
(1740, 81, 27, '73.8', NULL, NULL),
(1741, 81, 28, '8.5', NULL, NULL),
(1742, 81, 29, '154.0', NULL, NULL),
(1743, 82, 5, 'Sony', NULL, NULL),
(1744, 82, 6, 'https://www.thegioididong.com/images/42/61386/sony-xperia-z2-png.png', NULL, NULL),
(1745, 82, 7, 'Android', NULL, NULL),
(1746, 82, 8, 'Qualcomm MSM8974AB', NULL, NULL),
(1747, 82, 9, 'Adreno 330', NULL, NULL),
(1748, 82, 10, 'IPS', NULL, NULL),
(1749, 82, 11, '1080x1920', NULL, NULL),
(1750, 82, 12, '1', NULL, NULL),
(1751, 82, 13, '3200', NULL, NULL),
(1752, 82, 14, '5.2', NULL, NULL),
(1753, 82, 15, '2.3', NULL, NULL),
(1754, 82, 16, '3.0', NULL, NULL),
(1755, 82, 17, '1', NULL, NULL),
(1756, 82, 18, '16', NULL, NULL),
(1757, 82, 19, '64', NULL, NULL),
(1758, 82, 20, '11990000', NULL, NULL),
(1759, 82, 24, '20.7', NULL, NULL),
(1760, 82, 25, '2.2', NULL, NULL),
(1761, 82, 26, '146.8', NULL, NULL),
(1762, 82, 27, '73.3', NULL, NULL),
(1763, 82, 28, '8.2', NULL, NULL),
(1764, 82, 29, '163.0', NULL, NULL),
(1765, 83, 5, 'Sony', NULL, NULL),
(1766, 83, 6, 'https://www.thegioididong.com/images/42/69724/sony-xperia-z3-compact-png.png', NULL, NULL),
(1767, 83, 7, 'Android', NULL, NULL),
(1768, 83, 8, 'Qualcomm Snapdragon 801', NULL, NULL),
(1769, 83, 9, 'Adreno 330', NULL, NULL),
(1770, 83, 10, 'IPS', NULL, NULL),
(1771, 83, 11, '720x1280', NULL, NULL),
(1772, 83, 12, '1', NULL, NULL),
(1773, 83, 13, '2600', NULL, NULL),
(1774, 83, 14, '4.6', NULL, NULL),
(1775, 83, 15, '2.5', NULL, NULL),
(1776, 83, 16, '2.0', NULL, NULL),
(1777, 83, 17, '1', NULL, NULL),
(1778, 83, 18, '16', NULL, NULL),
(1779, 83, 19, '64', NULL, NULL),
(1780, 83, 20, '11990000', NULL, NULL),
(1781, 83, 24, '20.7', NULL, NULL),
(1782, 83, 25, '2.2', NULL, NULL),
(1783, 83, 26, '127.3', NULL, NULL),
(1784, 83, 27, '64.9', NULL, NULL),
(1785, 83, 28, '8.6', NULL, NULL),
(1786, 83, 29, '129.0', NULL, NULL),
(1787, 84, 5, 'Nokia', NULL, NULL),
(1788, 84, 6, 'https://www.thegioididong.com/images/42/61383/nokia-lumia-930-lumia-icon-png.png', NULL, NULL),
(1789, 84, 7, 'Windows phone', NULL, NULL),
(1790, 84, 8, 'Qualcomm Snapdragon 800', NULL, NULL),
(1791, 84, 9, 'Adreno 330', NULL, NULL),
(1792, 84, 10, 'TFT', NULL, NULL),
(1793, 84, 11, '1080x1920', NULL, NULL),
(1794, 84, 12, '1', NULL, NULL),
(1795, 84, 13, '2420', NULL, NULL),
(1796, 84, 14, '5.0', NULL, NULL),
(1797, 84, 15, '2.2', NULL, NULL),
(1798, 84, 16, '2.0', NULL, NULL),
(1799, 84, 17, '1', NULL, NULL),
(1800, 84, 18, '32', NULL, NULL),
(1801, 84, 19, '0', NULL, NULL),
(1802, 84, 20, '10990000', NULL, NULL),
(1803, 84, 24, '20.0', NULL, NULL),
(1804, 84, 25, '1.2', NULL, NULL),
(1805, 84, 26, '137.0', NULL, NULL),
(1806, 84, 27, '71.0', NULL, NULL),
(1807, 84, 28, '9.8', NULL, NULL),
(1808, 84, 29, '167.0', NULL, NULL),
(1809, 85, 5, 'Sony', NULL, NULL),
(1810, 85, 6, 'https://www.thegioididong.com/images/42/60103/sony-xperia-z1-c6902.png', NULL, NULL),
(1811, 85, 7, 'Android', NULL, NULL),
(1812, 85, 8, 'Qualcomm MSM8974', NULL, NULL),
(1813, 85, 9, 'Adreno 330', NULL, NULL),
(1814, 85, 10, 'TFT', NULL, NULL),
(1815, 85, 11, '1080x1920', NULL, NULL),
(1816, 85, 12, '1', NULL, NULL),
(1817, 85, 13, '3000', NULL, NULL),
(1818, 85, 14, '5.0', NULL, NULL),
(1819, 85, 15, '2.2', NULL, NULL),
(1820, 85, 16, '2.0', NULL, NULL),
(1821, 85, 17, '1', NULL, NULL),
(1822, 85, 18, '16', NULL, NULL),
(1823, 85, 19, '64', NULL, NULL),
(1824, 85, 20, '10490000', NULL, NULL),
(1825, 85, 24, '20.7', NULL, NULL),
(1826, 85, 25, '2.0', NULL, NULL),
(1827, 85, 26, '144.0', NULL, NULL),
(1828, 85, 27, '74.0', NULL, NULL),
(1829, 85, 28, '8.5', NULL, NULL),
(1830, 85, 29, '170.0', NULL, NULL),
(1831, 86, 5, 'Oppo', NULL, NULL),
(1832, 86, 6, 'https://www.thegioididong.com/images/42/71045/oppo-r5-gilded-01-400x533.png', NULL, NULL),
(1833, 86, 7, 'Android', NULL, NULL),
(1834, 86, 8, 'Snapdragon 615', NULL, NULL),
(1835, 86, 9, 'Adreno 405', NULL, NULL),
(1836, 86, 10, 'TFT', NULL, NULL),
(1837, 86, 11, '1080x1920', NULL, NULL),
(1838, 86, 12, '1', NULL, NULL),
(1839, 86, 13, '2000', NULL, NULL),
(1840, 86, 14, '5.2', NULL, NULL),
(1841, 86, 15, '1.5', NULL, NULL),
(1842, 86, 16, '2.0', NULL, NULL),
(1843, 86, 17, '0', NULL, NULL),
(1844, 86, 18, '16', NULL, NULL),
(1845, 86, 19, '0', NULL, NULL),
(1846, 86, 20, '10490000', NULL, NULL),
(1847, 86, 24, '13.0', NULL, NULL),
(1848, 86, 25, '5.0', NULL, NULL),
(1849, 86, 26, '148.9', NULL, NULL),
(1850, 86, 27, '74.5', NULL, NULL),
(1851, 86, 28, '4.85', NULL, NULL),
(1852, 86, 29, '155.0', NULL, NULL),
(1853, 87, 5, 'Samsung', NULL, NULL),
(1854, 87, 6, 'https://www.thegioididong.com/images/42/70761/samsung-galaxy-a7-icon-2-400x500.png', NULL, NULL),
(1855, 87, 7, 'Android', NULL, NULL),
(1856, 87, 8, 'Snapdragon 615', NULL, NULL),
(1857, 87, 9, 'Adreno 405', NULL, NULL),
(1858, 87, 10, 'TFT', NULL, NULL),
(1859, 87, 11, '1080x1920', NULL, NULL),
(1860, 87, 12, '2', NULL, NULL),
(1861, 87, 13, '2600', NULL, NULL),
(1862, 87, 14, '5.5', NULL, NULL),
(1863, 87, 15, '0.0', NULL, NULL),
(1864, 87, 16, '2.0', NULL, NULL),
(1865, 87, 17, '0', NULL, NULL),
(1866, 87, 18, '16', NULL, NULL),
(1867, 87, 19, '64', NULL, NULL),
(1868, 87, 20, '9990000', NULL, NULL),
(1869, 87, 24, '13.0', NULL, NULL),
(1870, 87, 25, '5.0', NULL, NULL),
(1871, 87, 26, '151.0', NULL, NULL),
(1872, 87, 27, '76.3', NULL, NULL),
(1873, 87, 28, '6.3', NULL, NULL),
(1874, 87, 29, '133.0', NULL, NULL),
(1875, 88, 5, 'Samsung', NULL, NULL),
(1876, 88, 6, 'https://www.thegioididong.com/images/42/69412/samsung-galaxy-alpha-400x533.png', NULL, NULL),
(1877, 88, 7, 'Android', NULL, NULL),
(1878, 88, 8, 'Exynos 5430', NULL, NULL),
(1879, 88, 9, 'Mali-T628', NULL, NULL),
(1880, 88, 10, 'TFT', NULL, NULL),
(1881, 88, 11, '720x1280', NULL, NULL),
(1882, 88, 12, '1', NULL, NULL),
(1883, 88, 13, '1860', NULL, NULL),
(1884, 88, 14, '4.7', NULL, NULL),
(1885, 88, 15, '1.8', NULL, NULL),
(1886, 88, 16, '2.0', NULL, NULL),
(1887, 88, 17, '1', NULL, NULL),
(1888, 88, 18, '32', NULL, NULL),
(1889, 88, 19, '0', NULL, NULL),
(1890, 88, 20, '9490000', NULL, NULL),
(1891, 88, 24, '12.0', NULL, NULL),
(1892, 88, 25, '2.1', NULL, NULL),
(1893, 88, 26, '132.4', NULL, NULL),
(1894, 88, 27, '65.5', NULL, NULL),
(1895, 88, 28, '6.7', NULL, NULL),
(1896, 88, 29, '115.0', NULL, NULL),
(1897, 89, 5, 'Oppo', NULL, NULL),
(1898, 89, 6, 'https://www.thegioididong.com/images/42/70238/oppo-r5-400x533-400x533.png', NULL, NULL),
(1899, 89, 7, 'Android', NULL, NULL),
(1900, 89, 8, 'Snapdragon 615', NULL, NULL),
(1901, 89, 9, 'Adreno 405', NULL, NULL),
(1902, 89, 10, 'TFT', NULL, NULL),
(1903, 89, 11, '1080x1920', NULL, NULL),
(1904, 89, 12, '1', NULL, NULL),
(1905, 89, 13, '2000', NULL, NULL),
(1906, 89, 14, '5.2', NULL, NULL),
(1907, 89, 15, '1.5', NULL, NULL),
(1908, 89, 16, '2.0', NULL, NULL),
(1909, 89, 17, '0', NULL, NULL),
(1910, 89, 18, '16', NULL, NULL),
(1911, 89, 19, '0', NULL, NULL),
(1912, 89, 20, '10000000', NULL, NULL),
(1913, 89, 24, '13.0', NULL, NULL),
(1914, 89, 25, '5.0', NULL, NULL),
(1915, 89, 26, '148.9', NULL, NULL),
(1916, 89, 27, '74.5', NULL, NULL),
(1917, 89, 28, '4.85', NULL, NULL),
(1918, 89, 29, '155.0', NULL, NULL),
(1919, 90, 5, 'Oppo', NULL, NULL),
(1920, 90, 6, 'https://www.thegioididong.com/images/42/67774/oppo-find-7a-1-400x533.png', NULL, NULL),
(1921, 90, 7, 'Android', NULL, NULL),
(1922, 90, 8, 'Qualcomm Snapdragon 801', NULL, NULL),
(1923, 90, 9, 'Adreno 330', NULL, NULL),
(1924, 90, 10, 'IPS', NULL, NULL),
(1925, 90, 11, '1080x1920', NULL, NULL),
(1926, 90, 12, '1', NULL, NULL),
(1927, 90, 13, '2800', NULL, NULL),
(1928, 90, 14, '5.5', NULL, NULL),
(1929, 90, 15, '2.3', NULL, NULL),
(1930, 90, 16, '2.0', NULL, NULL),
(1931, 90, 17, '1', NULL, NULL),
(1932, 90, 18, '16', NULL, NULL),
(1933, 90, 19, '128', NULL, NULL),
(1934, 90, 20, '8990000', NULL, NULL),
(1935, 90, 24, '13.0', NULL, NULL),
(1936, 90, 25, '5.0', NULL, NULL),
(1937, 90, 26, '152.6', NULL, NULL),
(1938, 90, 27, '75.0', NULL, NULL),
(1939, 90, 28, '9.2', NULL, NULL),
(1940, 90, 29, '170.0', NULL, NULL),
(1941, 91, 5, 'Samsung', NULL, NULL),
(1942, 91, 6, 'https://www.thegioididong.com/images/42/70049/samsung-galaxy-a500-400x533-400x533.png', NULL, NULL),
(1943, 91, 7, 'Android', NULL, NULL),
(1944, 91, 8, 'Qualcomm Snapdragon 410', NULL, NULL),
(1945, 91, 9, 'Adreno 306', NULL, NULL),
(1946, 91, 10, 'TFT', NULL, NULL),
(1947, 91, 11, '720x1280', NULL, NULL),
(1948, 91, 12, '2', NULL, NULL),
(1949, 91, 13, '2300', NULL, NULL),
(1950, 91, 14, '5.0', NULL, NULL),
(1951, 91, 15, '1.2', NULL, NULL),
(1952, 91, 16, '2.0', NULL, NULL),
(1953, 91, 17, '0', NULL, NULL),
(1954, 91, 18, '16', NULL, NULL),
(1955, 91, 19, '64', NULL, NULL),
(1956, 91, 20, '8990000', NULL, NULL),
(1957, 91, 24, '13.0', NULL, NULL),
(1958, 91, 25, '5.0', NULL, NULL),
(1959, 91, 26, '139.3', NULL, NULL),
(1960, 91, 27, '69.7', NULL, NULL),
(1961, 91, 28, '6.7', NULL, NULL),
(1962, 91, 29, '123.0', NULL, NULL),
(1963, 92, 5, 'Pantech', NULL, NULL),
(1964, 92, 6, 'https://www.thegioididong.com/images/42/70115/pantech-vega-iron-2-a910s-1-400x533.png', NULL, NULL),
(1965, 92, 7, 'Android', NULL, NULL),
(1966, 92, 8, 'Qualcomm Snapdragon 801', NULL, NULL),
(1967, 92, 9, 'Adreno 330', NULL, NULL),
(1968, 92, 10, 'TFT', NULL, NULL),
(1969, 92, 11, '1080x1920', NULL, NULL),
(1970, 92, 12, '1', NULL, NULL),
(1971, 92, 13, '3220', NULL, NULL),
(1972, 92, 14, '5.3', NULL, NULL),
(1973, 92, 15, '2.26', NULL, NULL),
(1974, 92, 16, '3.0', NULL, NULL),
(1975, 92, 17, '1', NULL, NULL),
(1976, 92, 18, '32', NULL, NULL),
(1977, 92, 19, '2', NULL, NULL),
(1978, 92, 20, '8990000', NULL, NULL),
(1979, 92, 24, '13.0', NULL, NULL),
(1980, 92, 25, '2.0', NULL, NULL),
(1981, 92, 26, '144.2', NULL, NULL),
(1982, 92, 27, '73.5', NULL, NULL),
(1983, 92, 28, '7.9', NULL, NULL),
(1984, 92, 29, '152.0', NULL, NULL),
(1985, 93, 1, 'in', NULL, NULL),
(1986, 93, 5, 'Oppo', NULL, NULL),
(1987, 93, 6, 'https://www.thegioididong.com/images/42/69066/oppo-n1-mini-png.png', NULL, NULL),
(1988, 93, 7, 'Android', NULL, NULL),
(1989, 93, 8, 'Qualcomm Snapdragon 400', NULL, NULL),
(1990, 93, 9, 'Adreno 305', NULL, NULL),
(1991, 93, 10, 'IPS', NULL, NULL),
(1992, 93, 11, '720x1280', NULL, NULL),
(1993, 93, 12, '1', NULL, NULL),
(1994, 93, 13, '2140', NULL, NULL),
(1995, 93, 14, '5.0', NULL, NULL),
(1996, 93, 15, '1.6', NULL, NULL),
(1997, 93, 16, '2.0', NULL, NULL),
(1998, 93, 17, '1', NULL, NULL),
(1999, 93, 18, '16', NULL, NULL),
(2000, 93, 19, '0', NULL, NULL),
(2001, 93, 20, '8490000', NULL, NULL),
(2002, 93, 24, '13.0', NULL, NULL),
(2003, 93, 25, '13.0', NULL, NULL),
(2004, 93, 26, '148.4', NULL, NULL),
(2005, 93, 27, '72.2', NULL, NULL),
(2006, 93, 28, '9.2', NULL, NULL),
(2007, 93, 29, '151.0', NULL, NULL),
(2008, 94, 1, 'in', NULL, NULL),
(2009, 94, 5, 'Nokia', NULL, NULL),
(2010, 94, 6, 'https://www.thegioididong.com/images/42/69721/nokia-lumia-830-png-1.png', NULL, NULL),
(2011, 94, 7, 'Windows phone', NULL, NULL),
(2012, 94, 8, 'Qualcomm Snapdragon 400', NULL, NULL),
(2013, 94, 9, 'Adreno 305', NULL, NULL),
(2014, 94, 10, 'IPS', NULL, NULL),
(2015, 94, 11, '720x1280', NULL, NULL),
(2016, 94, 12, '1', NULL, NULL),
(2017, 94, 13, '2200', NULL, NULL),
(2018, 94, 14, '5.0', NULL, NULL),
(2019, 94, 15, '1.2', NULL, NULL),
(2020, 94, 16, '1.0', NULL, NULL),
(2021, 94, 17, '1', NULL, NULL),
(2022, 94, 18, '16', NULL, NULL),
(2023, 94, 19, '128', NULL, NULL),
(2024, 94, 20, '7990000', NULL, NULL),
(2025, 94, 24, '10.0', NULL, NULL),
(2026, 94, 25, '1.0', NULL, NULL),
(2027, 94, 26, '139.4', NULL, NULL),
(2028, 94, 27, '70.7', NULL, NULL),
(2029, 94, 28, '8.5', NULL, NULL),
(2030, 94, 29, '150.0', NULL, NULL),
(2031, 95, 1, 'in', NULL, NULL),
(2032, 95, 5, 'Oppo', NULL, NULL),
(2033, 95, 6, 'https://www.thegioididong.com/images/42/70845/oppo-r1k-r8001-400x533.png', NULL, NULL),
(2034, 95, 7, 'Android', NULL, NULL),
(2035, 95, 8, 'Qualcomm Snapdragon 400', NULL, NULL),
(2036, 95, 9, 'Adreno 305', NULL, NULL),
(2037, 95, 10, 'IPS', NULL, NULL),
(2038, 95, 11, '720x1280', NULL, NULL),
(2039, 95, 12, '1', NULL, NULL),
(2040, 95, 13, '2410', NULL, NULL),
(2041, 95, 14, '5.0', NULL, NULL),
(2042, 95, 15, '1.6', NULL, NULL),
(2043, 95, 16, '1.0', NULL, NULL),
(2044, 95, 17, '0', NULL, NULL),
(2045, 95, 18, '16', NULL, NULL),
(2046, 95, 19, '0', NULL, NULL),
(2047, 95, 20, '7990000', NULL, NULL),
(2048, 95, 24, '13.0', NULL, NULL),
(2049, 95, 25, '5.0', NULL, NULL),
(2050, 95, 26, '142.7', NULL, NULL),
(2051, 95, 27, '70.4', NULL, NULL),
(2052, 95, 28, '7.1', NULL, NULL),
(2053, 95, 29, '134.0', NULL, NULL),
(2054, 96, 1, 'in', NULL, NULL),
(2055, 96, 5, 'Sony', NULL, NULL),
(2056, 96, 6, 'https://www.thegioididong.com/images/42/61309/sony-xperia-t2-ultra-icon.png', NULL, NULL),
(2057, 96, 7, 'Android', NULL, NULL),
(2058, 96, 8, 'Qualcomm MSM8928', NULL, NULL),
(2059, 96, 9, 'Adreno 305', NULL, NULL),
(2060, 96, 10, 'TFT', NULL, NULL),
(2061, 96, 11, '720x1280', NULL, NULL),
(2062, 96, 12, '2', NULL, NULL),
(2063, 96, 13, '3000', NULL, NULL),
(2064, 96, 14, '6.0', NULL, NULL),
(2065, 96, 15, '1.4', NULL, NULL),
(2066, 96, 16, '1.0', NULL, NULL),
(2067, 96, 17, '1', NULL, NULL),
(2068, 96, 18, '8', NULL, NULL),
(2069, 96, 19, '32', NULL, NULL),
(2070, 96, 20, '7490000', NULL, NULL),
(2071, 96, 24, '13.0', NULL, NULL),
(2072, 96, 25, '1.1', NULL, NULL),
(2073, 96, 26, '165.2', NULL, NULL),
(2074, 96, 27, '83.8', NULL, NULL),
(2075, 96, 28, '7.7', NULL, NULL),
(2076, 96, 29, '171.8', NULL, NULL),
(2077, 97, 1, 'in', NULL, NULL),
(2078, 97, 5, 'Apple', NULL, NULL),
(2079, 97, 6, 'https://www.thegioididong.com/images/42/60686/iphone-4s-8gb.png', NULL, NULL),
(2080, 97, 7, 'iOS', NULL, NULL),
(2081, 97, 8, 'Apple A5', NULL, NULL),
(2082, 97, 9, 'PowerVR SGX543MP3', NULL, NULL),
(2083, 97, 10, 'IPS', NULL, NULL),
(2084, 97, 11, '640x960', NULL, NULL),
(2085, 97, 12, '1', NULL, NULL),
(2086, 97, 13, '1420', NULL, NULL),
(2087, 97, 14, '3.5', NULL, NULL),
(2088, 97, 15, '1.0', NULL, NULL),
(2089, 97, 16, '512.0', NULL, NULL),
(2090, 97, 17, '0', NULL, NULL),
(2091, 97, 18, '8', NULL, NULL),
(2092, 97, 19, '0', NULL, NULL),
(2093, 97, 20, '6990000', NULL, NULL),
(2094, 97, 24, '8.0', NULL, NULL),
(2095, 97, 25, '0.3', NULL, NULL),
(2096, 97, 26, '115.2', NULL, NULL),
(2097, 97, 27, '58.6', NULL, NULL),
(2098, 97, 28, '9.3', NULL, NULL),
(2099, 97, 29, '140.0', NULL, NULL),
(2100, 98, 1, 'in', NULL, NULL),
(2101, 98, 5, 'Oppo', NULL, NULL),
(2102, 98, 6, 'https://www.thegioididong.com/images/42/61238/oppo-r1-r829t.png', NULL, NULL),
(2103, 98, 7, 'Android', NULL, NULL),
(2104, 98, 8, 'MTK 6582', NULL, NULL),
(2105, 98, 9, 'Mali-400MP', NULL, NULL),
(2106, 98, 10, 'IPS', NULL, NULL),
(2107, 98, 11, '720x1280', NULL, NULL),
(2108, 98, 12, '2', NULL, NULL),
(2109, 98, 13, '2410', NULL, NULL),
(2110, 98, 14, '5.0', NULL, NULL),
(2111, 98, 15, '1.3', NULL, NULL),
(2112, 98, 16, '1.0', NULL, NULL),
(2113, 98, 17, '0', NULL, NULL),
(2114, 98, 18, '16', NULL, NULL),
(2115, 98, 19, '0', NULL, NULL),
(2116, 98, 20, '6990000', NULL, NULL),
(2117, 98, 24, '8.0', NULL, NULL),
(2118, 98, 25, '5.0', NULL, NULL),
(2119, 98, 26, '142.7', NULL, NULL),
(2120, 98, 27, '70.4', NULL, NULL),
(2121, 98, 28, '7.1', NULL, NULL),
(2122, 98, 29, '140.0', NULL, NULL),
(2123, 99, 1, 'in', NULL, NULL),
(2124, 99, 5, 'Htc', NULL, NULL),
(2125, 99, 6, 'https://www.thegioididong.com/images/42/66599/htc-desire-816-1-400x533.png', NULL, NULL),
(2126, 99, 7, 'Android', NULL, NULL),
(2127, 99, 8, 'Qualcomm Snapdragon 400', NULL, NULL),
(2128, 99, 9, 'Adreno 305', NULL, NULL),
(2129, 99, 10, 'TFT', NULL, NULL),
(2130, 99, 11, '720x1280', NULL, NULL),
(2131, 99, 12, '2', NULL, NULL),
(2132, 99, 13, '2600', NULL, NULL),
(2133, 99, 14, '5.5', NULL, NULL),
(2134, 100, 1, 'in thoi iPhone 6 Plus 128GB', NULL, NULL),
(2135, 100, 5, 'Apple', NULL, NULL),
(2136, 100, 6, 'https://www.thegioididong.com/images/42/70260/iphone-6-plus-128gb.png', NULL, NULL),
(2137, 100, 7, 'iOS', NULL, NULL),
(2138, 100, 8, 'Apple A8', NULL, NULL),
(2139, 100, 9, 'PowerVR GX6450', NULL, NULL),
(2140, 100, 10, 'IPS', NULL, NULL),
(2141, 100, 11, '1080x1920', NULL, NULL),
(2142, 100, 12, '1', NULL, NULL),
(2143, 100, 13, '2915', NULL, NULL),
(2144, 100, 14, '5.5', NULL, NULL),
(2145, 100, 15, '1.4', NULL, NULL),
(2146, 100, 16, '1.0', NULL, NULL),
(2147, 100, 17, '1', NULL, NULL),
(2148, 100, 18, '128', NULL, NULL),
(2149, 100, 19, '0', NULL, NULL),
(2150, 100, 20, '25590000', NULL, NULL),
(2151, 100, 24, '8.0', NULL, NULL),
(2152, 100, 25, '1.2', NULL, NULL),
(2153, 100, 26, '158.1', NULL, NULL),
(2154, 100, 27, '77.88', NULL, NULL),
(2155, 100, 28, '7.1', NULL, NULL),
(2156, 100, 29, '172.0', NULL, NULL),
(2157, 101, 1, 'in thoi iPhone 6 128GB', NULL, NULL),
(2158, 101, 5, 'Apple', NULL, NULL),
(2159, 101, 6, 'https://www.thegioididong.com/images/42/70257/iphone-6-128gb.png', NULL, NULL),
(2160, 101, 7, 'iOS', NULL, NULL),
(2161, 101, 8, 'Apple A8', NULL, NULL),
(2162, 101, 9, 'PowerVR GX6450', NULL, NULL),
(2163, 101, 10, 'IPS', NULL, NULL),
(2164, 101, 11, '750x1334', NULL, NULL),
(2165, 101, 12, '1', NULL, NULL),
(2166, 101, 13, '1810', NULL, NULL),
(2167, 101, 14, '4.7', NULL, NULL),
(2168, 101, 15, '1.4', NULL, NULL),
(2169, 101, 16, '1.0', NULL, NULL),
(2170, 101, 17, '1', NULL, NULL),
(2171, 101, 18, '128', NULL, NULL),
(2172, 101, 19, '0', NULL, NULL),
(2173, 101, 20, '22990000', NULL, NULL),
(2174, 101, 24, '8.0', NULL, NULL),
(2175, 101, 25, '1.2', NULL, NULL),
(2176, 101, 26, '138.1', NULL, NULL),
(2177, 101, 27, '67.0', NULL, NULL),
(2178, 101, 28, '6.9', NULL, NULL),
(2179, 101, 29, '124.0', NULL, NULL),
(2180, 102, 1, 'in thoi iPhone 6 Plus 64GB', NULL, NULL),
(2181, 102, 5, 'Apple', NULL, NULL),
(2182, 102, 6, 'https://www.thegioididong.com/images/42/70259/iphone-6-plus-64gb-128gb-copy.png', NULL, NULL),
(2183, 102, 7, 'iOS', NULL, NULL),
(2184, 102, 8, 'Apple A8', NULL, NULL),
(2185, 102, 9, 'PowerVR GX6450', NULL, NULL),
(2186, 102, 10, 'IPS', NULL, NULL),
(2187, 102, 11, '1080x1920', NULL, NULL),
(2188, 102, 12, '1', NULL, NULL),
(2189, 102, 13, '2915', NULL, NULL),
(2190, 102, 14, '5.5', NULL, NULL),
(2191, 102, 15, '1.4', NULL, NULL),
(2192, 102, 16, '1.0', NULL, NULL),
(2193, 102, 17, '1', NULL, NULL),
(2194, 102, 18, '64', NULL, NULL),
(2195, 102, 19, '0', NULL, NULL),
(2196, 102, 20, '22990000', NULL, NULL),
(2197, 102, 24, '8.0', NULL, NULL),
(2198, 102, 25, '1.2', NULL, NULL),
(2199, 102, 26, '158.1', NULL, NULL),
(2200, 102, 27, '77.8', NULL, NULL),
(2201, 102, 28, '7.1', NULL, NULL),
(2202, 102, 29, '172.0', NULL, NULL),
(2203, 103, 1, 'in thoi Samsung Galaxy Note Edge', NULL, NULL),
(2204, 103, 5, 'Samsung', NULL, NULL),
(2205, 103, 6, 'https://www.thegioididong.com/images/42/69704/samsung-galaxy-note-edge.png', NULL, NULL),
(2206, 103, 7, 'Android', NULL, NULL),
(2207, 103, 8, 'Qualcomm Snapdragon 805', NULL, NULL),
(2208, 103, 9, 'Adreno 420', NULL, NULL),
(2209, 103, 10, 'TFT', NULL, NULL),
(2210, 103, 11, '1440x2560', NULL, NULL),
(2211, 103, 12, '1', NULL, NULL),
(2212, 103, 13, '3000', NULL, NULL),
(2213, 103, 14, '5.6', NULL, NULL),
(2214, 103, 15, '2.7', NULL, NULL),
(2215, 103, 16, '3.0', NULL, NULL),
(2216, 103, 17, '1', NULL, NULL),
(2217, 103, 18, '32', NULL, NULL),
(2218, 103, 19, '128', NULL, NULL),
(2219, 103, 20, '20990000', NULL, NULL),
(2220, 103, 24, '16.0', NULL, NULL),
(2221, 103, 25, '3.7', NULL, NULL),
(2222, 103, 26, '151.3', NULL, NULL),
(2223, 103, 27, '82.4', NULL, NULL),
(2224, 103, 28, '8.3', NULL, NULL),
(2225, 103, 29, '174.0', NULL, NULL),
(2226, 104, 1, 'in thoi iPhone 6 Plus 16GB', NULL, NULL),
(2227, 104, 5, 'Apple', NULL, NULL),
(2228, 104, 6, 'https://www.thegioididong.com/images/42/69783/iphone-6-plus-16gb-99.png', NULL, NULL),
(2229, 104, 7, 'iOS', NULL, NULL),
(2230, 104, 8, 'Apple A8', NULL, NULL),
(2231, 104, 9, 'PowerVR GX6450', NULL, NULL),
(2232, 104, 10, 'IPS', NULL, NULL),
(2233, 104, 11, '1080x1920', NULL, NULL),
(2234, 104, 12, '1', NULL, NULL),
(2235, 104, 13, '2915', NULL, NULL),
(2236, 104, 14, '5.5', NULL, NULL),
(2237, 104, 15, '1.4', NULL, NULL),
(2238, 104, 16, '1.0', NULL, NULL),
(2239, 104, 17, '1', NULL, NULL),
(2240, 104, 18, '16', NULL, NULL),
(2241, 104, 19, '0', NULL, NULL),
(2242, 104, 20, '20390000', NULL, NULL),
(2243, 104, 24, '8.0', NULL, NULL),
(2244, 104, 25, '1.2', NULL, NULL),
(2245, 104, 26, '158.1', NULL, NULL),
(2246, 104, 27, '77.8', NULL, NULL),
(2247, 104, 28, '7.1', NULL, NULL),
(2248, 104, 29, '172.0', NULL, NULL),
(2249, 105, 1, 'in thoi iPhone 6 64GB', NULL, NULL),
(2250, 105, 5, 'Apple', NULL, NULL),
(2251, 105, 6, 'https://www.thegioididong.com/images/42/70258/iphone-6-64gb.png', NULL, NULL),
(2252, 105, 7, 'iOS', NULL, NULL),
(2253, 105, 8, 'Apple A8', NULL, NULL),
(2254, 105, 9, 'PowerVR GX6450', NULL, NULL),
(2255, 105, 10, 'IPS', NULL, NULL),
(2256, 105, 11, '750x1334', NULL, NULL),
(2257, 105, 12, '1', NULL, NULL),
(2258, 105, 13, '1810', NULL, NULL),
(2259, 105, 14, '4.7', NULL, NULL),
(2260, 105, 15, '1.4', NULL, NULL),
(2261, 105, 16, '1.0', NULL, NULL),
(2262, 105, 17, '1', NULL, NULL),
(2263, 105, 18, '64', NULL, NULL),
(2264, 105, 19, '0', NULL, NULL),
(2265, 105, 20, '20390000', NULL, NULL),
(2266, 105, 24, '8.0', NULL, NULL),
(2267, 105, 25, '1.2', NULL, NULL),
(2268, 105, 26, '138.1', NULL, NULL),
(2269, 105, 27, '67.0', NULL, NULL),
(2270, 105, 28, '6.9', NULL, NULL),
(2271, 105, 29, '129.0', NULL, NULL),
(2272, 106, 1, 'in thoi Samsung Galaxy Note 4', NULL, NULL),
(2273, 106, 5, 'Samsung', NULL, NULL),
(2274, 106, 6, 'https://www.thegioididong.com/images/42/68096/samsung-galaxy-note-4-icon-1.png', NULL, NULL),
(2275, 106, 7, 'Android', NULL, NULL),
(2276, 106, 8, 'Exynos 5433', NULL, NULL),
(2277, 106, 9, 'Mali-T760', NULL, NULL),
(2278, 106, 10, 'TFT', NULL, NULL),
(2279, 106, 11, '1440x2560', NULL, NULL),
(2280, 106, 12, '1', NULL, NULL),
(2281, 106, 13, '3220', NULL, NULL),
(2282, 106, 14, '5.7', NULL, NULL),
(2283, 106, 15, '1.3', NULL, NULL),
(2284, 106, 16, '3.0', NULL, NULL),
(2285, 106, 17, '1', NULL, NULL),
(2286, 106, 18, '32', NULL, NULL),
(2287, 106, 19, '128', NULL, NULL),
(2288, 106, 20, '17990000', NULL, NULL),
(2289, 106, 24, '16.0', NULL, NULL),
(2290, 106, 25, '3.7', NULL, NULL),
(2291, 106, 26, '153.5', NULL, NULL),
(2292, 106, 27, '78.6', NULL, NULL),
(2293, 106, 28, '8.5', NULL, NULL),
(2294, 106, 29, '176.0', NULL, NULL),
(2295, 107, 1, 'in thoi iPhone 6 16GB', NULL, NULL),
(2296, 107, 5, 'Apple', NULL, NULL),
(2297, 107, 6, 'https://www.thegioididong.com/images/42/60831/iphone-6-1.png', NULL, NULL),
(2298, 107, 7, 'iOS', NULL, NULL),
(2299, 107, 8, 'Apple A8', NULL, NULL),
(2300, 107, 9, 'PowerVR GX6450', NULL, NULL),
(2301, 107, 10, 'IPS', NULL, NULL),
(2302, 107, 11, '750x1334', NULL, NULL),
(2303, 107, 12, '1', NULL, NULL),
(2304, 107, 13, '1810', NULL, NULL),
(2305, 107, 14, '4.7', NULL, NULL),
(2306, 107, 15, '1.4', NULL, NULL),
(2307, 107, 16, '1.0', NULL, NULL),
(2308, 107, 17, '1', NULL, NULL),
(2309, 107, 18, '16', NULL, NULL),
(2310, 107, 19, '0', NULL, NULL),
(2311, 107, 20, '17790000', NULL, NULL),
(2312, 107, 24, '8.0', NULL, NULL),
(2313, 107, 25, '1.2', NULL, NULL),
(2314, 107, 26, '138.1', NULL, NULL),
(2315, 107, 27, '67.0', NULL, NULL),
(2316, 107, 28, '6.9', NULL, NULL),
(2317, 107, 29, '124.0', NULL, NULL),
(2318, 108, 1, 'in thoi Sony Xperia Z3', NULL, NULL),
(2319, 108, 5, 'Sony', NULL, NULL),
(2320, 108, 6, 'https://www.thegioididong.com/images/42/69698/sony-xperia-z3-png.png', NULL, NULL),
(2321, 108, 7, 'Android', NULL, NULL),
(2322, 108, 8, 'Qualcomm Snapdragon 801', NULL, NULL),
(2323, 108, 9, 'Adreno 330', NULL, NULL),
(2324, 108, 10, 'IPS', NULL, NULL),
(2325, 108, 11, '1080x1920', NULL, NULL),
(2326, 108, 12, '1', NULL, NULL),
(2327, 108, 13, '3100', NULL, NULL),
(2328, 108, 14, '5.2', NULL, NULL),
(2329, 108, 15, '2.5', NULL, NULL),
(2330, 108, 16, '3.0', NULL, NULL),
(2331, 108, 17, '1', NULL, NULL),
(2332, 108, 18, '16', NULL, NULL),
(2333, 108, 19, '128', NULL, NULL),
(2334, 108, 20, '14990000', NULL, NULL),
(2335, 108, 24, '20.7', NULL, NULL),
(2336, 108, 25, '2.2', NULL, NULL),
(2337, 108, 26, '146.8', NULL, NULL),
(2338, 108, 27, '73.3', NULL, NULL),
(2339, 108, 28, '7.3', NULL, NULL),
(2340, 108, 29, '153.0', NULL, NULL),
(2341, 109, 1, 'in thoi iPhone 5S 16GB', NULL, NULL),
(2342, 109, 5, 'Apple', NULL, NULL),
(2343, 109, 6, 'https://www.thegioididong.com/images/42/60546/iphone-5s-16gb-1-400x533.png', NULL, NULL),
(2344, 109, 7, 'iOS', NULL, NULL),
(2345, 109, 8, 'Apple A7', NULL, NULL),
(2346, 109, 9, 'PowerVR G6430', NULL, NULL),
(2347, 109, 10, 'IPS', NULL, NULL),
(2348, 109, 11, '640x1136', NULL, NULL),
(2349, 109, 12, '1', NULL, NULL),
(2350, 109, 13, '1560', NULL, NULL),
(2351, 109, 14, '4.0', NULL, NULL),
(2352, 109, 15, '1.3', NULL, NULL),
(2353, 109, 16, '1.0', NULL, NULL),
(2354, 109, 17, '0', NULL, NULL),
(2355, 109, 18, '16', NULL, NULL),
(2356, 109, 19, '0', NULL, NULL),
(2357, 109, 20, '13990000', NULL, NULL),
(2358, 109, 24, '8.0', NULL, NULL),
(2359, 109, 25, '1.2', NULL, NULL),
(2360, 109, 26, '123.8', NULL, NULL),
(2361, 109, 27, '58.6', NULL, NULL),
(2362, 109, 28, '7.6', NULL, NULL),
(2363, 109, 29, '112.0', NULL, NULL),
(2364, 110, 1, 'in thoi HTC Desire Eye', NULL, NULL),
(2365, 110, 5, 'Htc', NULL, NULL),
(2366, 110, 6, 'https://www.thegioididong.com/images/42/70104/htc-desire-eye-icon.png', NULL, NULL),
(2367, 110, 7, 'Android', NULL, NULL),
(2368, 110, 8, 'Qualcomm Snapdragon 801', NULL, NULL),
(2369, 110, 9, 'Adreno 330', NULL, NULL),
(2370, 110, 10, 'IPS', NULL, NULL),
(2371, 110, 11, '1080x1920', NULL, NULL),
(2372, 110, 12, '1', NULL, NULL),
(2373, 110, 13, '2400', NULL, NULL),
(2374, 110, 14, '5.2', NULL, NULL),
(2375, 110, 15, '2.26', NULL, NULL),
(2376, 110, 16, '2.0', NULL, NULL),
(2377, 110, 17, '1', NULL, NULL),
(2378, 110, 18, '16', NULL, NULL),
(2379, 110, 19, '128', NULL, NULL),
(2380, 110, 20, '12490000', NULL, NULL),
(2381, 110, 24, '13.0', NULL, NULL),
(2382, 110, 25, '13.0', NULL, NULL),
(2383, 110, 26, '151.7', NULL, NULL),
(2384, 110, 27, '73.8', NULL, NULL),
(2385, 110, 28, '8.5', NULL, NULL),
(2386, 110, 29, '154.0', NULL, NULL),
(2387, 111, 1, 'in thoi Sony Xperia Z2', NULL, NULL),
(2388, 111, 5, 'Sony', NULL, NULL),
(2389, 111, 6, 'https://www.thegioididong.com/images/42/61386/sony-xperia-z2-png.png', NULL, NULL),
(2390, 111, 7, 'Android', NULL, NULL),
(2391, 111, 8, 'Qualcomm MSM8974AB', NULL, NULL),
(2392, 111, 9, 'Adreno 330', NULL, NULL),
(2393, 111, 10, 'IPS', NULL, NULL),
(2394, 111, 11, '1080x1920', NULL, NULL),
(2395, 111, 12, '1', NULL, NULL),
(2396, 111, 13, '3200', NULL, NULL),
(2397, 111, 14, '5.2', NULL, NULL),
(2398, 111, 15, '2.3', NULL, NULL),
(2399, 111, 16, '3.0', NULL, NULL),
(2400, 111, 17, '1', NULL, NULL),
(2401, 111, 18, '16', NULL, NULL),
(2402, 111, 19, '64', NULL, NULL),
(2403, 111, 20, '11990000', NULL, NULL),
(2404, 111, 24, '20.7', NULL, NULL),
(2405, 111, 25, '2.2', NULL, NULL),
(2406, 111, 26, '146.8', NULL, NULL),
(2407, 111, 27, '73.3', NULL, NULL),
(2408, 111, 28, '8.2', NULL, NULL),
(2409, 111, 29, '163.0', NULL, NULL),
(2410, 112, 1, 'in thoi Sony Xperia Z3 Compact', NULL, NULL),
(2411, 112, 5, 'Sony', NULL, NULL),
(2412, 112, 6, 'https://www.thegioididong.com/images/42/69724/sony-xperia-z3-compact-png.png', NULL, NULL),
(2413, 112, 7, 'Android', NULL, NULL),
(2414, 112, 8, 'Qualcomm Snapdragon 801', NULL, NULL),
(2415, 112, 9, 'Adreno 330', NULL, NULL),
(2416, 112, 10, 'IPS', NULL, NULL),
(2417, 112, 11, '720x1280', NULL, NULL),
(2418, 112, 12, '1', NULL, NULL),
(2419, 112, 13, '2600', NULL, NULL),
(2420, 112, 14, '4.6', NULL, NULL),
(2421, 112, 15, '2.5', NULL, NULL),
(2422, 112, 16, '2.0', NULL, NULL),
(2423, 112, 17, '1', NULL, NULL),
(2424, 112, 18, '16', NULL, NULL),
(2425, 112, 19, '64', NULL, NULL),
(2426, 112, 20, '11990000', NULL, NULL),
(2427, 112, 24, '20.7', NULL, NULL),
(2428, 112, 25, '2.2', NULL, NULL),
(2429, 112, 26, '127.3', NULL, NULL),
(2430, 112, 27, '64.9', NULL, NULL),
(2431, 112, 28, '8.6', NULL, NULL),
(2432, 112, 29, '129.0', NULL, NULL),
(2433, 113, 1, 'in thoi Nokia Lumia 930', NULL, NULL),
(2434, 113, 5, 'Nokia', NULL, NULL),
(2435, 113, 6, 'https://www.thegioididong.com/images/42/61383/nokia-lumia-930-lumia-icon-png.png', NULL, NULL),
(2436, 113, 7, 'Windows phone', NULL, NULL),
(2437, 113, 8, 'Qualcomm Snapdragon 800', NULL, NULL),
(2438, 113, 9, 'Adreno 330', NULL, NULL),
(2439, 113, 10, 'TFT', NULL, NULL),
(2440, 113, 11, '1080x1920', NULL, NULL),
(2441, 113, 12, '1', NULL, NULL),
(2442, 113, 13, '2420', NULL, NULL),
(2443, 113, 14, '5.0', NULL, NULL),
(2444, 113, 15, '2.2', NULL, NULL),
(2445, 113, 16, '2.0', NULL, NULL),
(2446, 113, 17, '1', NULL, NULL),
(2447, 113, 18, '32', NULL, NULL),
(2448, 113, 19, '0', NULL, NULL),
(2449, 113, 20, '10990000', NULL, NULL),
(2450, 113, 24, '20.0', NULL, NULL),
(2451, 113, 25, '1.2', NULL, NULL),
(2452, 113, 26, '137.0', NULL, NULL),
(2453, 113, 27, '71.0', NULL, NULL),
(2454, 113, 28, '9.8', NULL, NULL),
(2455, 113, 29, '167.0', NULL, NULL),
(2456, 114, 1, 'in thoi Sony Xperia Z1 C6902', NULL, NULL),
(2457, 114, 5, 'Sony', NULL, NULL),
(2458, 114, 6, 'https://www.thegioididong.com/images/42/60103/sony-xperia-z1-c6902.png', NULL, NULL),
(2459, 114, 7, 'Android', NULL, NULL),
(2460, 114, 8, 'Qualcomm MSM8974', NULL, NULL),
(2461, 114, 9, 'Adreno 330', NULL, NULL),
(2462, 114, 10, 'TFT', NULL, NULL),
(2463, 114, 11, '1080x1920', NULL, NULL),
(2464, 114, 12, '1', NULL, NULL),
(2465, 114, 13, '3000', NULL, NULL),
(2466, 114, 14, '5.0', NULL, NULL),
(2467, 114, 15, '2.2', NULL, NULL),
(2468, 114, 16, '2.0', NULL, NULL),
(2469, 114, 17, '1', NULL, NULL),
(2470, 114, 18, '16', NULL, NULL),
(2471, 114, 19, '64', NULL, NULL),
(2472, 114, 20, '10490000', NULL, NULL),
(2473, 114, 24, '20.7', NULL, NULL),
(2474, 114, 25, '2.0', NULL, NULL),
(2475, 114, 26, '144.0', NULL, NULL),
(2476, 114, 27, '74.0', NULL, NULL),
(2477, 114, 28, '8.5', NULL, NULL),
(2478, 114, 29, '170.0', NULL, NULL),
(2479, 115, 1, 'in thoi OPPO R5 Gilded', NULL, NULL),
(2480, 115, 5, 'Oppo', NULL, NULL),
(2481, 115, 6, 'https://www.thegioididong.com/images/42/71045/oppo-r5-gilded-01-400x533.png', NULL, NULL),
(2482, 115, 7, 'Android', NULL, NULL),
(2483, 115, 8, 'Snapdragon 615', NULL, NULL),
(2484, 115, 9, 'Adreno 405', NULL, NULL),
(2485, 115, 10, 'TFT', NULL, NULL),
(2486, 115, 11, '1080x1920', NULL, NULL),
(2487, 115, 12, '1', NULL, NULL),
(2488, 115, 13, '2000', NULL, NULL),
(2489, 115, 14, '5.2', NULL, NULL),
(2490, 115, 15, '1.5', NULL, NULL),
(2491, 115, 16, '2.0', NULL, NULL),
(2492, 115, 17, '0', NULL, NULL),
(2493, 115, 18, '16', NULL, NULL),
(2494, 115, 19, '0', NULL, NULL),
(2495, 115, 20, '10490000', NULL, NULL),
(2496, 115, 24, '13.0', NULL, NULL),
(2497, 115, 25, '5.0', NULL, NULL),
(2498, 115, 26, '148.9', NULL, NULL),
(2499, 115, 27, '74.5', NULL, NULL),
(2500, 115, 28, '4.85', NULL, NULL),
(2501, 115, 29, '155.0', NULL, NULL),
(2502, 116, 1, 'in thoi Samsung Galaxy A7', NULL, NULL),
(2503, 116, 5, 'Samsung', NULL, NULL),
(2504, 116, 6, 'https://www.thegioididong.com/images/42/70761/samsung-galaxy-a7-icon-2-400x500.png', NULL, NULL),
(2505, 116, 7, 'Android', NULL, NULL),
(2506, 116, 8, 'Snapdragon 615', NULL, NULL),
(2507, 116, 9, 'Adreno 405', NULL, NULL),
(2508, 116, 10, 'TFT', NULL, NULL),
(2509, 116, 11, '1080x1920', NULL, NULL),
(2510, 116, 12, '2', NULL, NULL),
(2511, 116, 13, '2600', NULL, NULL),
(2512, 116, 14, '5.5', NULL, NULL),
(2513, 116, 15, '0.0', NULL, NULL),
(2514, 116, 16, '2.0', NULL, NULL),
(2515, 116, 17, '0', NULL, NULL),
(2516, 116, 18, '16', NULL, NULL),
(2517, 116, 19, '64', NULL, NULL),
(2518, 116, 20, '9990000', NULL, NULL),
(2519, 116, 24, '13.0', NULL, NULL),
(2520, 116, 25, '5.0', NULL, NULL);

-- --------------------------------------------------------

--
-- Table structure for table `votes`
--

CREATE TABLE IF NOT EXISTS `votes` (
`id` int(11) NOT NULL,
  `user_id` int(11) NOT NULL,
  `item_id` int(11) NOT NULL,
  `type` int(11) NOT NULL,
  `created_at` datetime NOT NULL,
  `updated_at` datetime NOT NULL
) ENGINE=InnoDB DEFAULT CHARSET=latin1 AUTO_INCREMENT=1 ;

--
-- Indexes for dumped tables
--

--
-- Indexes for table `attributes`
--
ALTER TABLE `attributes`
 ADD PRIMARY KEY (`id`), ADD UNIQUE KEY `attr_id` (`id`);

--
-- Indexes for table `billitems`
--
ALTER TABLE `billitems`
 ADD UNIQUE KEY `id` (`id`);

--
-- Indexes for table `comments`
--
ALTER TABLE `comments`
 ADD PRIMARY KEY (`id`);

--
-- Indexes for table `favoriteitems`
--
ALTER TABLE `favoriteitems`
 ADD PRIMARY KEY (`id`);

--
-- Indexes for table `items`
--
ALTER TABLE `items`
 ADD PRIMARY KEY (`id`);

--
-- Indexes for table `relationships`
--
ALTER TABLE `relationships`
 ADD PRIMARY KEY (`id`);

--
-- Indexes for table `users`
--
ALTER TABLE `users`
 ADD PRIMARY KEY (`id`);

--
-- Indexes for table `values`
--
ALTER TABLE `values`
 ADD PRIMARY KEY (`id`);

--
-- Indexes for table `votes`
--
ALTER TABLE `votes`
 ADD PRIMARY KEY (`id`);

--
-- AUTO_INCREMENT for dumped tables
--

--
-- AUTO_INCREMENT for table `relationships`
--
ALTER TABLE `relationships`
MODIFY `id` int(11) NOT NULL AUTO_INCREMENT,AUTO_INCREMENT=9;
--
-- AUTO_INCREMENT for table `users`
--
ALTER TABLE `users`
MODIFY `id` int(11) NOT NULL AUTO_INCREMENT,AUTO_INCREMENT=5;
--
-- AUTO_INCREMENT for table `values`
--
ALTER TABLE `values`
MODIFY `id` int(11) NOT NULL AUTO_INCREMENT,AUTO_INCREMENT=2521;
--
-- AUTO_INCREMENT for table `votes`
--
ALTER TABLE `votes`
MODIFY `id` int(11) NOT NULL AUTO_INCREMENT;
/*!40101 SET CHARACTER_SET_CLIENT=@OLD_CHARACTER_SET_CLIENT */;
/*!40101 SET CHARACTER_SET_RESULTS=@OLD_CHARACTER_SET_RESULTS */;
/*!40101 SET COLLATION_CONNECTION=@OLD_COLLATION_CONNECTION */;
